[0m03:24:54.943030 [debug] [MainThread]: Sending event: {'category': 'dbt', 'action': 'invocation', 'label': 'start', 'context': [<snowplow_tracker.self_describing_json.SelfDescribingJson object at 0xffff9703dbe0>, <snowplow_tracker.self_describing_json.SelfDescribingJson object at 0xffff95b23ed0>, <snowplow_tracker.self_describing_json.SelfDescribingJson object at 0xffff95b23b10>]}


============================== 03:24:54.947396 | 189a6239-35fe-4cf2-8497-40b5e8f6c453 ==============================
[0m03:24:54.947396 [info ] [MainThread]: Running with dbt=1.12.0
[0m03:24:54.947615 [debug] [MainThread]: running dbt with arguments {'warn_error_options': 'WarnErrorOptionsV2(error=[], warn=[], silence=[])', 'log_path': '/workspace/transformation/logs', 'log_cache_events': 'False', 'indirect_selection': 'eager', 'empty': 'None', 'version_check': 'True', 'printer_width': '80', 'quiet': 'False', 'target_path': 'None', 'hints_enabled': 'True', 'log_format': 'default', 'send_anonymous_usage_stats': 'True', 'invocation_command': 'dbt deps', 'debug': 'False', 'cache_selected_only': 'False', 'use_colors': 'True', 'use_experimental_parser': 'False', 'fail_fast': 'False', 'static_parser': 'True', 'profiles_dir': '/workspace/transformation', 'warn_error': 'None', 'write_json': 'True', 'no_print': 'None', 'introspect': 'True', 'partial_parse': 'True', 'maximum_seed_size_mib': '1'}
[0m03:24:55.010717 [debug] [MainThread]: Sending event: {'category': 'dbt', 'action': 'project_id', 'label': '189a6239-35fe-4cf2-8497-40b5e8f6c453', 'context': [<snowplow_tracker.self_describing_json.SelfDescribingJson object at 0xffff96c9d480>]}
[0m03:24:55.020336 [debug] [MainThread]: Set downloads directory='/tmp/dbt-downloads-duuyise5'
[0m03:24:55.020522 [error] [MainThread]: [[31mERROR[0m]: Encountered an error:
">=1.0.0,<2.0.0" is not a valid semantic version.
[0m03:24:55.022210 [error] [MainThread]: Traceback (most recent call last):
  File "/opt/runtime/lib/python3.13/site-packages/dbt/cli/requires.py", line 190, in wrapper
    result, success = func(*args, **kwargs)
                      ~~~~^^^^^^^^^^^^^^^^^
  File "/opt/runtime/lib/python3.13/site-packages/dbt/cli/requires.py", line 136, in wrapper
    return func(*args, **kwargs)
  File "/opt/runtime/lib/python3.13/site-packages/dbt/cli/requires.py", line 269, in wrapper
    return func(*args, **kwargs)
  File "/opt/runtime/lib/python3.13/site-packages/dbt/cli/requires.py", line 332, in wrapper
    return func(*args, **kwargs)
  File "/opt/runtime/lib/python3.13/site-packages/dbt/cli/main.py", line 480, in deps
    results = task.run()
  File "/opt/runtime/lib/python3.13/site-packages/dbt/task/deps.py", line 289, in run
    self.lock()
    ~~~~~~~~~^^
  File "/opt/runtime/lib/python3.13/site-packages/dbt/task/deps.py", line 261, in lock
    resolved_deps = resolve_packages(packages, self.project, self.cli_vars)
  File "/opt/runtime/lib/python3.13/site-packages/dbt/deps/resolver.py", line 120, in resolve_packages
    pending = PackageListing.from_contracts(packages)
  File "/opt/runtime/lib/python3.13/site-packages/dbt/deps/resolver.py", line 90, in from_contracts
    self.update_from(src)
    ~~~~~~~~~~~~~~~~^^^^^
  File "/opt/runtime/lib/python3.13/site-packages/dbt/deps/resolver.py", line 82, in update_from
    pkg = RegistryUnpinnedPackage.from_contract(contract)
  File "/opt/runtime/lib/python3.13/site-packages/dbt/deps/registry.py", line 83, in from_contract
    versions = [semver.VersionSpecifier.from_version_string(v) for v in raw_version]
                ~~~~~~~~~~~~~~~~~~~~~~~~~~~~~~~~~~~~~~~~~~~^^^
  File "/opt/runtime/lib/python3.13/site-packages/dbt_common/semver.py", line 99, in from_version_string
    raise dbt_common.exceptions.base.SemverError(
        f'"{version_string}" is not a valid semantic version.'
    )
dbt_common.exceptions.base.SemverError: ">=1.0.0,<2.0.0" is not a valid semantic version.

[0m03:24:55.022948 [debug] [MainThread]: Resource report: {"command_name": "deps", "command_success": false, "command_wall_clock_time": 0.11283067, "process_in_blocks": "63240", "process_kernel_time": 0.100579, "process_mem_max_rss": "115524", "process_out_blocks": "24", "process_user_time": 0.672189}
[0m03:24:55.023175 [debug] [MainThread]: Command `dbt deps` failed at 03:24:55.023127 after 0.11 seconds
[0m03:24:55.023318 [debug] [MainThread]: Sending event: {'category': 'dbt', 'action': 'invocation', 'label': 'end', 'context': [<snowplow_tracker.self_describing_json.SelfDescribingJson object at 0xffff95995590>, <snowplow_tracker.self_describing_json.SelfDescribingJson object at 0xffff959956a0>, <snowplow_tracker.self_describing_json.SelfDescribingJson object at 0xffff95982150>]}
[0m03:24:55.023447 [debug] [MainThread]: Flushing usage events
[0m03:24:56.646266 [debug] [MainThread]: An error was encountered while trying to flush usage events
[0m03:25:07.038471 [debug] [MainThread]: Sending event: {'category': 'dbt', 'action': 'invocation', 'label': 'start', 'context': [<snowplow_tracker.self_describing_json.SelfDescribingJson object at 0xffffa788dbe0>, <snowplow_tracker.self_describing_json.SelfDescribingJson object at 0xffffa6373ed0>, <snowplow_tracker.self_describing_json.SelfDescribingJson object at 0xffffa6373b10>]}


============================== 03:25:07.041753 | bbfc2905-c586-4983-aac7-c8be8754a319 ==============================
[0m03:25:07.041753 [info ] [MainThread]: Running with dbt=1.12.0
[0m03:25:07.041968 [debug] [MainThread]: running dbt with arguments {'target_path': 'None', 'static_parser': 'True', 'printer_width': '80', 'hints_enabled': 'True', 'use_experimental_parser': 'False', 'empty': 'None', 'log_cache_events': 'False', 'warn_error': 'None', 'invocation_command': 'dbt deps', 'log_path': '/workspace/transformation/logs', 'fail_fast': 'False', 'send_anonymous_usage_stats': 'True', 'cache_selected_only': 'False', 'warn_error_options': 'WarnErrorOptionsV2(error=[], warn=[], silence=[])', 'no_print': 'None', 'version_check': 'True', 'log_format': 'default', 'write_json': 'True', 'maximum_seed_size_mib': '1', 'quiet': 'False', 'debug': 'False', 'profiles_dir': '/workspace/transformation', 'introspect': 'True', 'indirect_selection': 'eager', 'partial_parse': 'True', 'use_colors': 'True'}
[0m03:25:07.088164 [debug] [MainThread]: Sending event: {'category': 'dbt', 'action': 'project_id', 'label': 'bbfc2905-c586-4983-aac7-c8be8754a319', 'context': [<snowplow_tracker.self_describing_json.SelfDescribingJson object at 0xffffa74ed480>]}
[0m03:25:07.092798 [debug] [MainThread]: Set downloads directory='/tmp/dbt-downloads-g3zpjh67'
[0m03:25:07.092995 [debug] [MainThread]: Making package index registry request: GET https://hub.getdbt.com/api/v1/index.json
[0m03:25:07.646767 [debug] [MainThread]: Response from registry index: GET https://hub.getdbt.com/api/v1/index.json 200
[0m03:25:07.649569 [debug] [MainThread]: Making package registry request: GET https://hub.getdbt.com/api/v1/dbt-labs/dbt_utils.json
[0m03:25:08.125475 [debug] [MainThread]: Response from registry: GET https://hub.getdbt.com/api/v1/dbt-labs/dbt_utils.json 200
[0m03:25:08.142367 [info ] [MainThread]: Updating lock file in file path: /workspace/transformation/package-lock.yml
[0m03:25:08.145289 [debug] [MainThread]: Set downloads directory='/tmp/dbt-downloads-tj9l2nwa'
[0m03:25:08.148160 [info ] [MainThread]: Installing dbt-labs/dbt_utils
[0m03:25:08.683043 [info ] [MainThread]: Installed from version 1.3.0
[0m03:25:08.683427 [info ] [MainThread]: Updated version available: 1.4.1
[0m03:25:08.683842 [debug] [MainThread]: Sending event: {'category': 'dbt', 'action': 'package', 'label': 'bbfc2905-c586-4983-aac7-c8be8754a319', 'property_': 'install', 'context': [<snowplow_tracker.self_describing_json.SelfDescribingJson object at 0xffffa8effdf0>, <snowplow_tracker.self_describing_json.SelfDescribingJson object at 0xffffa828e690>]}
[0m03:25:08.684089 [info ] [MainThread]: 
[0m03:25:08.684271 [info ] [MainThread]: Updates available for packages: ['dbt-labs/dbt_utils']                 
Update your versions in packages.yml, then run dbt deps
[0m03:25:08.684992 [debug] [MainThread]: Resource report: {"command_name": "deps", "command_success": true, "command_wall_clock_time": 1.6760693, "process_in_blocks": "0", "process_kernel_time": 0.048606, "process_mem_max_rss": "117588", "process_out_blocks": "2296", "process_user_time": 0.724037}
[0m03:25:08.685266 [debug] [MainThread]: Command `dbt deps` succeeded at 03:25:08.685208 after 1.68 seconds
[0m03:25:08.685456 [debug] [MainThread]: Sending event: {'category': 'dbt', 'action': 'invocation', 'label': 'end', 'context': [<snowplow_tracker.self_describing_json.SelfDescribingJson object at 0xffffa65fea50>, <snowplow_tracker.self_describing_json.SelfDescribingJson object at 0xffffa616e7b0>, <snowplow_tracker.self_describing_json.SelfDescribingJson object at 0xffffa616e5d0>]}
[0m03:25:08.685629 [debug] [MainThread]: Flushing usage events
[0m03:25:10.045809 [debug] [MainThread]: An error was encountered while trying to flush usage events
[0m03:25:52.968664 [debug] [MainThread]: Sending event: {'category': 'dbt', 'action': 'invocation', 'label': 'start', 'context': [<snowplow_tracker.self_describing_json.SelfDescribingJson object at 0xffff84e49be0>, <snowplow_tracker.self_describing_json.SelfDescribingJson object at 0xffff838ffed0>, <snowplow_tracker.self_describing_json.SelfDescribingJson object at 0xffff838ff9d0>]}


============================== 03:25:52.971907 | b05a8734-b678-47da-b5eb-9502e6eddb2a ==============================
[0m03:25:52.971907 [info ] [MainThread]: Running with dbt=1.12.0
[0m03:25:52.972122 [debug] [MainThread]: running dbt with arguments {'cache_selected_only': 'False', 'use_experimental_parser': 'False', 'static_parser': 'True', 'hints_enabled': 'True', 'fail_fast': 'False', 'use_colors': 'True', 'indirect_selection': 'eager', 'debug': 'False', 'log_path': '/workspace/transformation/logs', 'partial_parse': 'True', 'warn_error_options': 'WarnErrorOptionsV2(error=[], warn=[], silence=[])', 'target_path': 'None', 'quiet': 'False', 'version_check': 'True', 'no_print': 'None', 'log_cache_events': 'False', 'maximum_seed_size_mib': '1', 'log_format': 'default', 'write_json': 'True', 'introspect': 'True', 'empty': 'False', 'printer_width': '80', 'profiles_dir': '/workspace/transformation', 'warn_error': 'None', 'send_anonymous_usage_stats': 'True', 'invocation_command': 'dbt compile --select stg_order_line_items fct_order_revenue'}
[0m03:25:53.089597 [debug] [MainThread]: Sending event: {'category': 'dbt', 'action': 'project_id', 'label': 'b05a8734-b678-47da-b5eb-9502e6eddb2a', 'context': [<snowplow_tracker.self_describing_json.SelfDescribingJson object at 0xffff84a95480>]}
[0m03:25:53.140296 [debug] [MainThread]: Sending event: {'category': 'dbt', 'action': 'adapter_info', 'label': 'b05a8734-b678-47da-b5eb-9502e6eddb2a', 'context': [<snowplow_tracker.self_describing_json.SelfDescribingJson object at 0xffff7f4f18c0>]}
[0m03:25:53.141256 [info ] [MainThread]: Registered adapter: duckdb=1.10.1
[0m03:25:53.166881 [debug] [MainThread]: checksum: 90a6b225c179091005a773f867edf71059587e0982d46c73fc1b0b58d292cde9, vars: {}, profile: duckdb_local, target: dev, version: 1.12.0
[0m03:25:53.167204 [info ] [MainThread]: Unable to do partial parsing because saved manifest not found. Starting full parse.
[0m03:25:53.167349 [debug] [MainThread]: Sending event: {'category': 'dbt', 'action': 'partial_parser', 'label': 'b05a8734-b678-47da-b5eb-9502e6eddb2a', 'context': [<snowplow_tracker.self_describing_json.SelfDescribingJson object at 0xffff8386a450>]}
[0m03:25:53.742460 [warn ] [MainThread]: [[33mWARNING[0m][MissingArgumentsPropertyInGenericTestDeprecation]: Deprecated
functionality
Found top-level arguments to test `dbt_utils.not_matching_regex` defined on
'fct_order_revenue' in package 'duckdb_local' (models/marts/schema.yml).
Arguments to generic tests should be nested under the `arguments` property.
[0m03:25:53.742719 [debug] [MainThread]: Sending event: {'category': 'dbt', 'action': 'deprecation', 'label': 'b05a8734-b678-47da-b5eb-9502e6eddb2a', 'property_': 'warn', 'context': [<snowplow_tracker.self_describing_json.SelfDescribingJson object at 0xffff7f27b3e0>]}
[0m03:25:53.783475 [debug] [MainThread]: Sending event: {'category': 'dbt', 'action': 'load_project', 'label': 'b05a8734-b678-47da-b5eb-9502e6eddb2a', 'context': [<snowplow_tracker.self_describing_json.SelfDescribingJson object at 0xffff7e54bcb0>]}
[0m03:25:53.821227 [debug] [MainThread]: Wrote artifact WritableManifest to /workspace/transformation/target/manifest.json
[0m03:25:53.822130 [debug] [MainThread]: Wrote artifact SemanticManifest to /workspace/transformation/target/semantic_manifest.json
[0m03:25:53.831240 [debug] [MainThread]: Wrote artifact OsiDocument to /workspace/transformation/target/osi_document.json
[0m03:25:53.837436 [debug] [MainThread]: Sending event: {'category': 'dbt', 'action': 'resource_counts', 'label': 'b05a8734-b678-47da-b5eb-9502e6eddb2a', 'context': [<snowplow_tracker.self_describing_json.SelfDescribingJson object at 0xffff7f2cd090>]}
[0m03:25:53.837622 [info ] [MainThread]: Found 2 models, 1 seed, 10 data tests, 603 macros
[0m03:25:53.837762 [debug] [MainThread]: Sending event: {'category': 'dbt', 'action': 'runnable_timing', 'label': 'b05a8734-b678-47da-b5eb-9502e6eddb2a', 'context': [<snowplow_tracker.self_describing_json.SelfDescribingJson object at 0xffff7e574dd0>]}
[0m03:25:53.838435 [info ] [MainThread]: 
[0m03:25:53.838569 [info ] [MainThread]: Concurrency: 1 threads (target='dev')
[0m03:25:53.838669 [info ] [MainThread]: 
[0m03:25:53.838855 [debug] [MainThread]: Acquiring new duckdb connection 'master'
[0m03:25:53.839276 [debug] [ThreadPool]: Acquiring new duckdb connection 'list_duckdb-local_main_main'
[0m03:25:53.856071 [debug] [ThreadPool]: Using duckdb connection "list_duckdb-local_main_main"
[0m03:25:53.856222 [debug] [ThreadPool]: On list_duckdb-local_main_main: BEGIN
[0m03:25:53.856324 [debug] [ThreadPool]: Opening a new connection, currently in state init
[0m03:25:53.861993 [debug] [ThreadPool]: SQL status: OK in 0.006 seconds
[0m03:25:53.862120 [debug] [ThreadPool]: Using duckdb connection "list_duckdb-local_main_main"
[0m03:25:53.862224 [debug] [ThreadPool]: On list_duckdb-local_main_main: /* {"app": "dbt", "dbt_version": "1.12.0", "profile_name": "duckdb_local", "target_name": "dev", "connection_name": "list_duckdb-local_main_main"} */
select
      'duckdb-local' as database,
      table_name as name,
      table_schema as schema,
      CASE table_type
        WHEN 'BASE TABLE' THEN 'table'
        WHEN 'VIEW' THEN 'view'
        WHEN 'LOCAL TEMPORARY' THEN 'table'
        END as type
    from system.information_schema.tables
    where lower(table_schema) = 'main_main'
    and lower(table_catalog) = 'duckdb-local'
  
[0m03:25:53.864172 [debug] [ThreadPool]: SQL status: OK in 0.002 seconds
[0m03:25:53.864673 [debug] [ThreadPool]: On list_duckdb-local_main_main: ROLLBACK
[0m03:25:53.865214 [debug] [ThreadPool]: Failed to rollback 'list_duckdb-local_main_main'
[0m03:25:53.865356 [debug] [ThreadPool]: On list_duckdb-local_main_main: Close
[0m03:25:53.865585 [debug] [ThreadPool]: Re-using an available connection from the pool (formerly list_duckdb-local_main_main, now list_duckdb-local_main_marts)
[0m03:25:53.866009 [debug] [ThreadPool]: Using duckdb connection "list_duckdb-local_main_marts"
[0m03:25:53.866116 [debug] [ThreadPool]: On list_duckdb-local_main_marts: BEGIN
[0m03:25:53.866218 [debug] [ThreadPool]: Opening a new connection, currently in state closed
[0m03:25:53.866412 [debug] [ThreadPool]: SQL status: OK in 0.000 seconds
[0m03:25:53.866501 [debug] [ThreadPool]: Using duckdb connection "list_duckdb-local_main_marts"
[0m03:25:53.866597 [debug] [ThreadPool]: On list_duckdb-local_main_marts: /* {"app": "dbt", "dbt_version": "1.12.0", "profile_name": "duckdb_local", "target_name": "dev", "connection_name": "list_duckdb-local_main_marts"} */
select
      'duckdb-local' as database,
      table_name as name,
      table_schema as schema,
      CASE table_type
        WHEN 'BASE TABLE' THEN 'table'
        WHEN 'VIEW' THEN 'view'
        WHEN 'LOCAL TEMPORARY' THEN 'table'
        END as type
    from system.information_schema.tables
    where lower(table_schema) = 'main_marts'
    and lower(table_catalog) = 'duckdb-local'
  
[0m03:25:53.867169 [debug] [ThreadPool]: SQL status: OK in 0.000 seconds
[0m03:25:53.867574 [debug] [ThreadPool]: On list_duckdb-local_main_marts: ROLLBACK
[0m03:25:53.867776 [debug] [ThreadPool]: Failed to rollback 'list_duckdb-local_main_marts'
[0m03:25:53.867873 [debug] [ThreadPool]: On list_duckdb-local_main_marts: Close
[0m03:25:53.868077 [debug] [ThreadPool]: Re-using an available connection from the pool (formerly list_duckdb-local_main_marts, now list_duckdb-local_main_staging)
[0m03:25:53.868436 [debug] [ThreadPool]: Using duckdb connection "list_duckdb-local_main_staging"
[0m03:25:53.868544 [debug] [ThreadPool]: On list_duckdb-local_main_staging: BEGIN
[0m03:25:53.868636 [debug] [ThreadPool]: Opening a new connection, currently in state closed
[0m03:25:53.868799 [debug] [ThreadPool]: SQL status: OK in 0.000 seconds
[0m03:25:53.868885 [debug] [ThreadPool]: Using duckdb connection "list_duckdb-local_main_staging"
[0m03:25:53.868988 [debug] [ThreadPool]: On list_duckdb-local_main_staging: /* {"app": "dbt", "dbt_version": "1.12.0", "profile_name": "duckdb_local", "target_name": "dev", "connection_name": "list_duckdb-local_main_staging"} */
select
      'duckdb-local' as database,
      table_name as name,
      table_schema as schema,
      CASE table_type
        WHEN 'BASE TABLE' THEN 'table'
        WHEN 'VIEW' THEN 'view'
        WHEN 'LOCAL TEMPORARY' THEN 'table'
        END as type
    from system.information_schema.tables
    where lower(table_schema) = 'main_staging'
    and lower(table_catalog) = 'duckdb-local'
  
[0m03:25:53.869473 [debug] [ThreadPool]: SQL status: OK in 0.000 seconds
[0m03:25:53.869845 [debug] [ThreadPool]: On list_duckdb-local_main_staging: ROLLBACK
[0m03:25:53.870028 [debug] [ThreadPool]: Failed to rollback 'list_duckdb-local_main_staging'
[0m03:25:53.870122 [debug] [ThreadPool]: On list_duckdb-local_main_staging: Close
[0m03:25:53.870403 [debug] [MainThread]: Sending event: {'category': 'dbt', 'action': 'runnable_timing', 'label': 'b05a8734-b678-47da-b5eb-9502e6eddb2a', 'context': [<snowplow_tracker.self_describing_json.SelfDescribingJson object at 0xffff7e3f6780>]}
[0m03:25:53.872586 [debug] [Thread-1 (]: Began running node model.duckdb_local.stg_order_line_items
[0m03:25:53.872738 [debug] [Thread-1 (]: Re-using an available connection from the pool (formerly list_duckdb-local_main_staging, now model.duckdb_local.stg_order_line_items)
[0m03:25:53.872858 [debug] [Thread-1 (]: Began compiling node model.duckdb_local.stg_order_line_items
[0m03:25:53.875112 [debug] [Thread-1 (]: Writing injected SQL for node "model.duckdb_local.stg_order_line_items"
[0m03:25:53.875488 [debug] [Thread-1 (]: Began executing node model.duckdb_local.stg_order_line_items
[0m03:25:53.875723 [debug] [Thread-1 (]: Finished running node model.duckdb_local.stg_order_line_items
[0m03:25:53.876042 [debug] [Thread-1 (]: Began running node model.duckdb_local.fct_order_revenue
[0m03:25:53.876188 [debug] [Thread-1 (]: Re-using an available connection from the pool (formerly model.duckdb_local.stg_order_line_items, now model.duckdb_local.fct_order_revenue)
[0m03:25:53.876307 [debug] [Thread-1 (]: Began compiling node model.duckdb_local.fct_order_revenue
[0m03:25:53.877058 [debug] [Thread-1 (]: Writing injected SQL for node "model.duckdb_local.fct_order_revenue"
[0m03:25:53.877268 [debug] [Thread-1 (]: Began executing node model.duckdb_local.fct_order_revenue
[0m03:25:53.877475 [debug] [Thread-1 (]: Finished running node model.duckdb_local.fct_order_revenue
[0m03:25:53.877604 [debug] [Thread-1 (]: Began running node test.duckdb_local.not_null_stg_order_line_items_line_item_id.a22861df89
[0m03:25:53.877739 [debug] [Thread-1 (]: Re-using an available connection from the pool (formerly model.duckdb_local.fct_order_revenue, now test.duckdb_local.not_null_stg_order_line_items_line_item_id.a22861df89)
[0m03:25:53.877854 [debug] [Thread-1 (]: Began compiling node test.duckdb_local.not_null_stg_order_line_items_line_item_id.a22861df89
[0m03:25:53.882684 [debug] [Thread-1 (]: Writing injected SQL for node "test.duckdb_local.not_null_stg_order_line_items_line_item_id.a22861df89"
[0m03:25:53.883017 [debug] [Thread-1 (]: Began executing node test.duckdb_local.not_null_stg_order_line_items_line_item_id.a22861df89
[0m03:25:53.883273 [debug] [Thread-1 (]: Finished running node test.duckdb_local.not_null_stg_order_line_items_line_item_id.a22861df89
[0m03:25:53.883408 [debug] [Thread-1 (]: Began running node test.duckdb_local.not_null_stg_order_line_items_order_id.919e49c4ba
[0m03:25:53.883546 [debug] [Thread-1 (]: Re-using an available connection from the pool (formerly test.duckdb_local.not_null_stg_order_line_items_line_item_id.a22861df89, now test.duckdb_local.not_null_stg_order_line_items_order_id.919e49c4ba)
[0m03:25:53.883671 [debug] [Thread-1 (]: Began compiling node test.duckdb_local.not_null_stg_order_line_items_order_id.919e49c4ba
[0m03:25:53.885762 [debug] [Thread-1 (]: Writing injected SQL for node "test.duckdb_local.not_null_stg_order_line_items_order_id.919e49c4ba"
[0m03:25:53.885968 [debug] [Thread-1 (]: Began executing node test.duckdb_local.not_null_stg_order_line_items_order_id.919e49c4ba
[0m03:25:53.886189 [debug] [Thread-1 (]: Finished running node test.duckdb_local.not_null_stg_order_line_items_order_id.919e49c4ba
[0m03:25:53.886317 [debug] [Thread-1 (]: Began running node test.duckdb_local.dbt_utils_not_matching_regex_fct_order_revenue__git_sha__True___s.d596587d25
[0m03:25:53.886436 [debug] [Thread-1 (]: Re-using an available connection from the pool (formerly test.duckdb_local.not_null_stg_order_line_items_order_id.919e49c4ba, now test.duckdb_local.dbt_utils_not_matching_regex_fct_order_revenue__git_sha__True___s.d596587d25)
[0m03:25:53.886550 [debug] [Thread-1 (]: Began compiling node test.duckdb_local.dbt_utils_not_matching_regex_fct_order_revenue__git_sha__True___s.d596587d25
[0m03:25:53.891579 [debug] [Thread-1 (]: Compilation Error in test dbt_utils_not_matching_regex_fct_order_revenue__git_sha__True___s (models/marts/schema.yml)
  'dbt.context.macros.MacroNamespace object' has no attribute 'test_not_matching_regex'. This can happen when calling a macro that does not exist. Check for typos and/or install package dependencies with "dbt deps".
[0m03:25:53.891782 [debug] [Thread-1 (]: Finished running node test.duckdb_local.dbt_utils_not_matching_regex_fct_order_revenue__git_sha__True___s.d596587d25
[0m03:25:53.891932 [debug] [Thread-1 (]: Began running node test.duckdb_local.not_null_fct_order_revenue__dbt_invocation_id.8cda916a95
[0m03:25:53.892090 [debug] [Thread-1 (]: Re-using an available connection from the pool (formerly test.duckdb_local.dbt_utils_not_matching_regex_fct_order_revenue__git_sha__True___s.d596587d25, now test.duckdb_local.not_null_fct_order_revenue__dbt_invocation_id.8cda916a95)
[0m03:25:53.892217 [debug] [Thread-1 (]: Began compiling node test.duckdb_local.not_null_fct_order_revenue__dbt_invocation_id.8cda916a95
[0m03:25:53.894486 [debug] [Thread-1 (]: Writing injected SQL for node "test.duckdb_local.not_null_fct_order_revenue__dbt_invocation_id.8cda916a95"
[0m03:25:53.894708 [debug] [Thread-4 (]: Marking all children of 'test.duckdb_local.dbt_utils_not_matching_regex_fct_order_revenue__git_sha__True___s.d596587d25' to be skipped because of status 'error'.  Reason: Compilation Error in test dbt_utils_not_matching_regex_fct_order_revenue__git_sha__True___s (models/marts/schema.yml)
  'dbt.context.macros.MacroNamespace object' has no attribute 'test_not_matching_regex'. This can happen when calling a macro that does not exist. Check for typos and/or install package dependencies with "dbt deps"..
[0m03:25:53.895120 [debug] [Thread-1 (]: Began executing node test.duckdb_local.not_null_fct_order_revenue__dbt_invocation_id.8cda916a95
[0m03:25:53.895346 [debug] [Thread-1 (]: Finished running node test.duckdb_local.not_null_fct_order_revenue__dbt_invocation_id.8cda916a95
[0m03:25:53.895473 [debug] [Thread-1 (]: Began running node test.duckdb_local.not_null_fct_order_revenue__git_sha.644d0603b5
[0m03:25:53.895598 [debug] [Thread-1 (]: Re-using an available connection from the pool (formerly test.duckdb_local.not_null_fct_order_revenue__dbt_invocation_id.8cda916a95, now test.duckdb_local.not_null_fct_order_revenue__git_sha.644d0603b5)
[0m03:25:53.895712 [debug] [Thread-1 (]: Began compiling node test.duckdb_local.not_null_fct_order_revenue__git_sha.644d0603b5
[0m03:25:53.897717 [debug] [Thread-1 (]: Writing injected SQL for node "test.duckdb_local.not_null_fct_order_revenue__git_sha.644d0603b5"
[0m03:25:53.897902 [debug] [Thread-1 (]: Began executing node test.duckdb_local.not_null_fct_order_revenue__git_sha.644d0603b5
[0m03:25:53.898121 [debug] [Thread-1 (]: Finished running node test.duckdb_local.not_null_fct_order_revenue__git_sha.644d0603b5
[0m03:25:53.898246 [debug] [Thread-1 (]: Began running node test.duckdb_local.not_null_fct_order_revenue__loaded_at.26c3dd068a
[0m03:25:53.898379 [debug] [Thread-1 (]: Re-using an available connection from the pool (formerly test.duckdb_local.not_null_fct_order_revenue__git_sha.644d0603b5, now test.duckdb_local.not_null_fct_order_revenue__loaded_at.26c3dd068a)
[0m03:25:53.898481 [debug] [Thread-1 (]: Began compiling node test.duckdb_local.not_null_fct_order_revenue__loaded_at.26c3dd068a
[0m03:25:53.900440 [debug] [Thread-1 (]: Writing injected SQL for node "test.duckdb_local.not_null_fct_order_revenue__loaded_at.26c3dd068a"
[0m03:25:53.900625 [debug] [Thread-1 (]: Began executing node test.duckdb_local.not_null_fct_order_revenue__loaded_at.26c3dd068a
[0m03:25:53.900835 [debug] [Thread-1 (]: Finished running node test.duckdb_local.not_null_fct_order_revenue__loaded_at.26c3dd068a
[0m03:25:53.900973 [debug] [Thread-1 (]: Began running node test.duckdb_local.not_null_fct_order_revenue_line_item_count.9736dca1c8
[0m03:25:53.901108 [debug] [Thread-1 (]: Re-using an available connection from the pool (formerly test.duckdb_local.not_null_fct_order_revenue__loaded_at.26c3dd068a, now test.duckdb_local.not_null_fct_order_revenue_line_item_count.9736dca1c8)
[0m03:25:53.901225 [debug] [Thread-1 (]: Began compiling node test.duckdb_local.not_null_fct_order_revenue_line_item_count.9736dca1c8
[0m03:25:53.903386 [debug] [Thread-1 (]: Writing injected SQL for node "test.duckdb_local.not_null_fct_order_revenue_line_item_count.9736dca1c8"
[0m03:25:53.903602 [debug] [Thread-1 (]: Began executing node test.duckdb_local.not_null_fct_order_revenue_line_item_count.9736dca1c8
[0m03:25:53.903818 [debug] [Thread-1 (]: Finished running node test.duckdb_local.not_null_fct_order_revenue_line_item_count.9736dca1c8
[0m03:25:53.903951 [debug] [Thread-1 (]: Began running node test.duckdb_local.not_null_fct_order_revenue_order_id.c968a86ebb
[0m03:25:53.904104 [debug] [Thread-1 (]: Re-using an available connection from the pool (formerly test.duckdb_local.not_null_fct_order_revenue_line_item_count.9736dca1c8, now test.duckdb_local.not_null_fct_order_revenue_order_id.c968a86ebb)
[0m03:25:53.904228 [debug] [Thread-1 (]: Began compiling node test.duckdb_local.not_null_fct_order_revenue_order_id.c968a86ebb
[0m03:25:53.906210 [debug] [Thread-1 (]: Writing injected SQL for node "test.duckdb_local.not_null_fct_order_revenue_order_id.c968a86ebb"
[0m03:25:53.906401 [debug] [Thread-1 (]: Began executing node test.duckdb_local.not_null_fct_order_revenue_order_id.c968a86ebb
[0m03:25:53.906602 [debug] [Thread-1 (]: Finished running node test.duckdb_local.not_null_fct_order_revenue_order_id.c968a86ebb
[0m03:25:53.906723 [debug] [Thread-1 (]: Began running node test.duckdb_local.not_null_fct_order_revenue_total_revenue.7a3a0f8ee4
[0m03:25:53.906849 [debug] [Thread-1 (]: Re-using an available connection from the pool (formerly test.duckdb_local.not_null_fct_order_revenue_order_id.c968a86ebb, now test.duckdb_local.not_null_fct_order_revenue_total_revenue.7a3a0f8ee4)
[0m03:25:53.906973 [debug] [Thread-1 (]: Began compiling node test.duckdb_local.not_null_fct_order_revenue_total_revenue.7a3a0f8ee4
[0m03:25:53.908950 [debug] [Thread-1 (]: Writing injected SQL for node "test.duckdb_local.not_null_fct_order_revenue_total_revenue.7a3a0f8ee4"
[0m03:25:53.909163 [debug] [Thread-1 (]: Began executing node test.duckdb_local.not_null_fct_order_revenue_total_revenue.7a3a0f8ee4
[0m03:25:53.909413 [debug] [Thread-1 (]: Finished running node test.duckdb_local.not_null_fct_order_revenue_total_revenue.7a3a0f8ee4
[0m03:25:53.909543 [debug] [Thread-1 (]: Began running node test.duckdb_local.unique_fct_order_revenue_order_id.fc2c4ae7e0
[0m03:25:53.909679 [debug] [Thread-1 (]: Re-using an available connection from the pool (formerly test.duckdb_local.not_null_fct_order_revenue_total_revenue.7a3a0f8ee4, now test.duckdb_local.unique_fct_order_revenue_order_id.fc2c4ae7e0)
[0m03:25:53.909798 [debug] [Thread-1 (]: Began compiling node test.duckdb_local.unique_fct_order_revenue_order_id.fc2c4ae7e0
[0m03:25:53.912842 [debug] [Thread-1 (]: Writing injected SQL for node "test.duckdb_local.unique_fct_order_revenue_order_id.fc2c4ae7e0"
[0m03:25:53.913068 [debug] [Thread-1 (]: Began executing node test.duckdb_local.unique_fct_order_revenue_order_id.fc2c4ae7e0
[0m03:25:53.913287 [debug] [Thread-1 (]: Finished running node test.duckdb_local.unique_fct_order_revenue_order_id.fc2c4ae7e0
[0m03:25:53.913462 [debug] [MainThread]: Connection 'master' was properly closed.
[0m03:25:53.913573 [debug] [MainThread]: Connection 'test.duckdb_local.unique_fct_order_revenue_order_id.fc2c4ae7e0' was properly closed.
[0m03:25:53.913747 [error] [MainThread]: [[31mERROR[0m]: Encountered an error:
Runtime Error
  Compilation Error in test dbt_utils_not_matching_regex_fct_order_revenue__git_sha__True___s (models/marts/schema.yml)
    'dbt.context.macros.MacroNamespace object' has no attribute 'test_not_matching_regex'. This can happen when calling a macro that does not exist. Check for typos and/or install package dependencies with "dbt deps".
[0m03:25:53.913947 [warn ] [MainThread]: [[33mWARNING[0m][DeprecationsSummary]: Deprecated functionality
Summary of encountered deprecations:
- MissingArgumentsPropertyInGenericTestDeprecation: 1 occurrence
To see all deprecation instances instead of just the first occurrence of each,
run command again with the `--show-all-deprecations` flag. You may also need to
run with `--no-partial-parse` as some deprecations are only encountered during
parsing.
[0m03:25:53.914375 [debug] [MainThread]: Resource report: {"command_name": "compile", "command_success": false, "command_wall_clock_time": 0.9748257, "process_in_blocks": "7384", "process_kernel_time": 0.049963, "process_mem_max_rss": "188536", "process_out_blocks": "3128", "process_user_time": 1.451949}
[0m03:25:53.914534 [debug] [MainThread]: Command `dbt compile` failed at 03:25:53.914507 after 0.98 seconds
[0m03:25:53.914653 [debug] [MainThread]: Sending event: {'category': 'dbt', 'action': 'invocation', 'label': 'end', 'context': [<snowplow_tracker.self_describing_json.SelfDescribingJson object at 0xffff7f134e10>, <snowplow_tracker.self_describing_json.SelfDescribingJson object at 0xffff7d916f90>, <snowplow_tracker.self_describing_json.SelfDescribingJson object at 0xffff7e4c89d0>]}
[0m03:25:53.914778 [debug] [MainThread]: Flushing usage events
[0m03:25:55.321949 [debug] [MainThread]: An error was encountered while trying to flush usage events
[0m03:26:17.158606 [debug] [MainThread]: Sending event: {'category': 'dbt', 'action': 'invocation', 'label': 'start', 'context': [<snowplow_tracker.self_describing_json.SelfDescribingJson object at 0xffff99749be0>, <snowplow_tracker.self_describing_json.SelfDescribingJson object at 0xffff98203ed0>, <snowplow_tracker.self_describing_json.SelfDescribingJson object at 0xffff982039d0>]}


============================== 03:26:17.161873 | bf0f276a-2fe2-4540-bc28-e78660c41e1b ==============================
[0m03:26:17.161873 [info ] [MainThread]: Running with dbt=1.12.0
[0m03:26:17.162112 [debug] [MainThread]: running dbt with arguments {'warn_error': 'None', 'static_parser': 'True', 'write_json': 'True', 'version_check': 'True', 'hints_enabled': 'True', 'invocation_command': 'dbt compile --select stg_order_line_items fct_order_revenue', 'warn_error_options': 'WarnErrorOptionsV2(error=[], warn=[], silence=[])', 'send_anonymous_usage_stats': 'True', 'partial_parse': 'True', 'target_path': 'None', 'log_format': 'default', 'profiles_dir': '/workspace/transformation', 'printer_width': '80', 'maximum_seed_size_mib': '1', 'introspect': 'True', 'log_cache_events': 'False', 'indirect_selection': 'eager', 'debug': 'False', 'no_print': 'None', 'empty': 'False', 'quiet': 'False', 'log_path': '/workspace/transformation/logs', 'use_experimental_parser': 'False', 'cache_selected_only': 'False', 'fail_fast': 'False', 'use_colors': 'True'}
[0m03:26:17.246521 [debug] [MainThread]: Sending event: {'category': 'dbt', 'action': 'project_id', 'label': 'bf0f276a-2fe2-4540-bc28-e78660c41e1b', 'context': [<snowplow_tracker.self_describing_json.SelfDescribingJson object at 0xffff99399480>]}
[0m03:26:17.295886 [debug] [MainThread]: Sending event: {'category': 'dbt', 'action': 'adapter_info', 'label': 'bf0f276a-2fe2-4540-bc28-e78660c41e1b', 'context': [<snowplow_tracker.self_describing_json.SelfDescribingJson object at 0xffff93df18c0>]}
[0m03:26:17.296651 [info ] [MainThread]: Registered adapter: duckdb=1.10.1
[0m03:26:17.317662 [debug] [MainThread]: checksum: 90a6b225c179091005a773f867edf71059587e0982d46c73fc1b0b58d292cde9, vars: {}, profile: duckdb_local, target: dev, version: 1.12.0
[0m03:26:17.363569 [debug] [MainThread]: Partial parsing enabled: 0 files deleted, 1 files added, 1 files changed.
[0m03:26:17.363782 [debug] [MainThread]: Partial parsing: added file: duckdb_local://tests/assert_fct_order_revenue_git_sha_no_whitespace.sql
[0m03:26:17.363986 [debug] [MainThread]: Partial parsing: updated file: duckdb_local://models/marts/schema.yml
[0m03:26:17.639702 [debug] [MainThread]: Sending event: {'category': 'dbt', 'action': 'load_project', 'label': 'bf0f276a-2fe2-4540-bc28-e78660c41e1b', 'context': [<snowplow_tracker.self_describing_json.SelfDescribingJson object at 0xffff93dee950>]}
[0m03:26:17.679594 [debug] [MainThread]: Wrote artifact WritableManifest to /workspace/transformation/target/manifest.json
[0m03:26:17.680602 [debug] [MainThread]: Wrote artifact SemanticManifest to /workspace/transformation/target/semantic_manifest.json
[0m03:26:17.684977 [debug] [MainThread]: Wrote artifact OsiDocument to /workspace/transformation/target/osi_document.json
[0m03:26:17.690528 [debug] [MainThread]: Sending event: {'category': 'dbt', 'action': 'resource_counts', 'label': 'bf0f276a-2fe2-4540-bc28-e78660c41e1b', 'context': [<snowplow_tracker.self_describing_json.SelfDescribingJson object at 0xffff93420f50>]}
[0m03:26:17.690721 [info ] [MainThread]: Found 2 models, 1 seed, 10 data tests, 603 macros
[0m03:26:17.690854 [debug] [MainThread]: Sending event: {'category': 'dbt', 'action': 'runnable_timing', 'label': 'bf0f276a-2fe2-4540-bc28-e78660c41e1b', 'context': [<snowplow_tracker.self_describing_json.SelfDescribingJson object at 0xffff9340e890>]}
[0m03:26:17.691557 [info ] [MainThread]: 
[0m03:26:17.691701 [info ] [MainThread]: Concurrency: 1 threads (target='dev')
[0m03:26:17.691803 [info ] [MainThread]: 
[0m03:26:17.691993 [debug] [MainThread]: Acquiring new duckdb connection 'master'
[0m03:26:17.692425 [debug] [ThreadPool]: Acquiring new duckdb connection 'list_duckdb-local_main_marts'
[0m03:26:17.703643 [debug] [ThreadPool]: Using duckdb connection "list_duckdb-local_main_marts"
[0m03:26:17.703794 [debug] [ThreadPool]: On list_duckdb-local_main_marts: BEGIN
[0m03:26:17.703897 [debug] [ThreadPool]: Opening a new connection, currently in state init
[0m03:26:17.709276 [debug] [ThreadPool]: SQL status: OK in 0.005 seconds
[0m03:26:17.709428 [debug] [ThreadPool]: Using duckdb connection "list_duckdb-local_main_marts"
[0m03:26:17.709530 [debug] [ThreadPool]: On list_duckdb-local_main_marts: /* {"app": "dbt", "dbt_version": "1.12.0", "profile_name": "duckdb_local", "target_name": "dev", "connection_name": "list_duckdb-local_main_marts"} */
select
      'duckdb-local' as database,
      table_name as name,
      table_schema as schema,
      CASE table_type
        WHEN 'BASE TABLE' THEN 'table'
        WHEN 'VIEW' THEN 'view'
        WHEN 'LOCAL TEMPORARY' THEN 'table'
        END as type
    from system.information_schema.tables
    where lower(table_schema) = 'main_marts'
    and lower(table_catalog) = 'duckdb-local'
  
[0m03:26:17.710725 [debug] [ThreadPool]: SQL status: OK in 0.001 seconds
[0m03:26:17.711213 [debug] [ThreadPool]: On list_duckdb-local_main_marts: ROLLBACK
[0m03:26:17.711595 [debug] [ThreadPool]: Failed to rollback 'list_duckdb-local_main_marts'
[0m03:26:17.711707 [debug] [ThreadPool]: On list_duckdb-local_main_marts: Close
[0m03:26:17.711938 [debug] [ThreadPool]: Re-using an available connection from the pool (formerly list_duckdb-local_main_marts, now list_duckdb-local_main_staging)
[0m03:26:17.712367 [debug] [ThreadPool]: Using duckdb connection "list_duckdb-local_main_staging"
[0m03:26:17.712486 [debug] [ThreadPool]: On list_duckdb-local_main_staging: BEGIN
[0m03:26:17.712582 [debug] [ThreadPool]: Opening a new connection, currently in state closed
[0m03:26:17.712759 [debug] [ThreadPool]: SQL status: OK in 0.000 seconds
[0m03:26:17.712851 [debug] [ThreadPool]: Using duckdb connection "list_duckdb-local_main_staging"
[0m03:26:17.712952 [debug] [ThreadPool]: On list_duckdb-local_main_staging: /* {"app": "dbt", "dbt_version": "1.12.0", "profile_name": "duckdb_local", "target_name": "dev", "connection_name": "list_duckdb-local_main_staging"} */
select
      'duckdb-local' as database,
      table_name as name,
      table_schema as schema,
      CASE table_type
        WHEN 'BASE TABLE' THEN 'table'
        WHEN 'VIEW' THEN 'view'
        WHEN 'LOCAL TEMPORARY' THEN 'table'
        END as type
    from system.information_schema.tables
    where lower(table_schema) = 'main_staging'
    and lower(table_catalog) = 'duckdb-local'
  
[0m03:26:17.713756 [debug] [ThreadPool]: SQL status: OK in 0.001 seconds
[0m03:26:17.714167 [debug] [ThreadPool]: On list_duckdb-local_main_staging: ROLLBACK
[0m03:26:17.714363 [debug] [ThreadPool]: Failed to rollback 'list_duckdb-local_main_staging'
[0m03:26:17.714452 [debug] [ThreadPool]: On list_duckdb-local_main_staging: Close
[0m03:26:17.714628 [debug] [ThreadPool]: Re-using an available connection from the pool (formerly list_duckdb-local_main_staging, now list_duckdb-local_main_main)
[0m03:26:17.714969 [debug] [ThreadPool]: Using duckdb connection "list_duckdb-local_main_main"
[0m03:26:17.715087 [debug] [ThreadPool]: On list_duckdb-local_main_main: BEGIN
[0m03:26:17.715178 [debug] [ThreadPool]: Opening a new connection, currently in state closed
[0m03:26:17.715338 [debug] [ThreadPool]: SQL status: OK in 0.000 seconds
[0m03:26:17.715426 [debug] [ThreadPool]: Using duckdb connection "list_duckdb-local_main_main"
[0m03:26:17.715520 [debug] [ThreadPool]: On list_duckdb-local_main_main: /* {"app": "dbt", "dbt_version": "1.12.0", "profile_name": "duckdb_local", "target_name": "dev", "connection_name": "list_duckdb-local_main_main"} */
select
      'duckdb-local' as database,
      table_name as name,
      table_schema as schema,
      CASE table_type
        WHEN 'BASE TABLE' THEN 'table'
        WHEN 'VIEW' THEN 'view'
        WHEN 'LOCAL TEMPORARY' THEN 'table'
        END as type
    from system.information_schema.tables
    where lower(table_schema) = 'main_main'
    and lower(table_catalog) = 'duckdb-local'
  
[0m03:26:17.715999 [debug] [ThreadPool]: SQL status: OK in 0.000 seconds
[0m03:26:17.716378 [debug] [ThreadPool]: On list_duckdb-local_main_main: ROLLBACK
[0m03:26:17.716543 [debug] [ThreadPool]: Failed to rollback 'list_duckdb-local_main_main'
[0m03:26:17.716694 [debug] [ThreadPool]: On list_duckdb-local_main_main: Close
[0m03:26:17.716998 [debug] [MainThread]: Sending event: {'category': 'dbt', 'action': 'runnable_timing', 'label': 'bf0f276a-2fe2-4540-bc28-e78660c41e1b', 'context': [<snowplow_tracker.self_describing_json.SelfDescribingJson object at 0xffff9271f380>]}
[0m03:26:17.718498 [debug] [Thread-1 (]: Began running node model.duckdb_local.stg_order_line_items
[0m03:26:17.718653 [debug] [Thread-1 (]: Re-using an available connection from the pool (formerly list_duckdb-local_main_main, now model.duckdb_local.stg_order_line_items)
[0m03:26:17.718778 [debug] [Thread-1 (]: Began compiling node model.duckdb_local.stg_order_line_items
[0m03:26:17.720950 [debug] [Thread-1 (]: Writing injected SQL for node "model.duckdb_local.stg_order_line_items"
[0m03:26:17.721170 [debug] [Thread-1 (]: Began executing node model.duckdb_local.stg_order_line_items
[0m03:26:17.721426 [debug] [Thread-1 (]: Finished running node model.duckdb_local.stg_order_line_items
[0m03:26:17.721751 [debug] [Thread-1 (]: Began running node model.duckdb_local.fct_order_revenue
[0m03:26:17.721903 [debug] [Thread-1 (]: Re-using an available connection from the pool (formerly model.duckdb_local.stg_order_line_items, now model.duckdb_local.fct_order_revenue)
[0m03:26:17.722009 [debug] [Thread-1 (]: Began compiling node model.duckdb_local.fct_order_revenue
[0m03:26:17.722762 [debug] [Thread-1 (]: Writing injected SQL for node "model.duckdb_local.fct_order_revenue"
[0m03:26:17.722976 [debug] [Thread-1 (]: Began executing node model.duckdb_local.fct_order_revenue
[0m03:26:17.723209 [debug] [Thread-1 (]: Finished running node model.duckdb_local.fct_order_revenue
[0m03:26:17.723346 [debug] [Thread-1 (]: Began running node test.duckdb_local.not_null_stg_order_line_items_line_item_id.a22861df89
[0m03:26:17.723483 [debug] [Thread-1 (]: Re-using an available connection from the pool (formerly model.duckdb_local.fct_order_revenue, now test.duckdb_local.not_null_stg_order_line_items_line_item_id.a22861df89)
[0m03:26:17.723605 [debug] [Thread-1 (]: Began compiling node test.duckdb_local.not_null_stg_order_line_items_line_item_id.a22861df89
[0m03:26:17.728607 [debug] [Thread-1 (]: Writing injected SQL for node "test.duckdb_local.not_null_stg_order_line_items_line_item_id.a22861df89"
[0m03:26:17.728930 [debug] [Thread-1 (]: Began executing node test.duckdb_local.not_null_stg_order_line_items_line_item_id.a22861df89
[0m03:26:17.729165 [debug] [Thread-1 (]: Finished running node test.duckdb_local.not_null_stg_order_line_items_line_item_id.a22861df89
[0m03:26:17.729301 [debug] [Thread-1 (]: Began running node test.duckdb_local.not_null_stg_order_line_items_order_id.919e49c4ba
[0m03:26:17.729439 [debug] [Thread-1 (]: Re-using an available connection from the pool (formerly test.duckdb_local.not_null_stg_order_line_items_line_item_id.a22861df89, now test.duckdb_local.not_null_stg_order_line_items_order_id.919e49c4ba)
[0m03:26:17.729556 [debug] [Thread-1 (]: Began compiling node test.duckdb_local.not_null_stg_order_line_items_order_id.919e49c4ba
[0m03:26:17.731585 [debug] [Thread-1 (]: Writing injected SQL for node "test.duckdb_local.not_null_stg_order_line_items_order_id.919e49c4ba"
[0m03:26:17.731812 [debug] [Thread-1 (]: Began executing node test.duckdb_local.not_null_stg_order_line_items_order_id.919e49c4ba
[0m03:26:17.732050 [debug] [Thread-1 (]: Finished running node test.duckdb_local.not_null_stg_order_line_items_order_id.919e49c4ba
[0m03:26:17.732197 [debug] [Thread-1 (]: Began running node test.duckdb_local.assert_fct_order_revenue_git_sha_no_whitespace
[0m03:26:17.732334 [debug] [Thread-1 (]: Re-using an available connection from the pool (formerly test.duckdb_local.not_null_stg_order_line_items_order_id.919e49c4ba, now test.duckdb_local.assert_fct_order_revenue_git_sha_no_whitespace)
[0m03:26:17.732458 [debug] [Thread-1 (]: Began compiling node test.duckdb_local.assert_fct_order_revenue_git_sha_no_whitespace
[0m03:26:17.733012 [debug] [Thread-1 (]: Writing injected SQL for node "test.duckdb_local.assert_fct_order_revenue_git_sha_no_whitespace"
[0m03:26:17.733260 [debug] [Thread-1 (]: Began executing node test.duckdb_local.assert_fct_order_revenue_git_sha_no_whitespace
[0m03:26:17.733455 [debug] [Thread-1 (]: Finished running node test.duckdb_local.assert_fct_order_revenue_git_sha_no_whitespace
[0m03:26:17.733569 [debug] [Thread-1 (]: Began running node test.duckdb_local.not_null_fct_order_revenue__dbt_invocation_id.8cda916a95
[0m03:26:17.733707 [debug] [Thread-1 (]: Re-using an available connection from the pool (formerly test.duckdb_local.assert_fct_order_revenue_git_sha_no_whitespace, now test.duckdb_local.not_null_fct_order_revenue__dbt_invocation_id.8cda916a95)
[0m03:26:17.733830 [debug] [Thread-1 (]: Began compiling node test.duckdb_local.not_null_fct_order_revenue__dbt_invocation_id.8cda916a95
[0m03:26:17.736079 [debug] [Thread-1 (]: Writing injected SQL for node "test.duckdb_local.not_null_fct_order_revenue__dbt_invocation_id.8cda916a95"
[0m03:26:17.736302 [debug] [Thread-1 (]: Began executing node test.duckdb_local.not_null_fct_order_revenue__dbt_invocation_id.8cda916a95
[0m03:26:17.736513 [debug] [Thread-1 (]: Finished running node test.duckdb_local.not_null_fct_order_revenue__dbt_invocation_id.8cda916a95
[0m03:26:17.736647 [debug] [Thread-1 (]: Began running node test.duckdb_local.not_null_fct_order_revenue__git_sha.644d0603b5
[0m03:26:17.736783 [debug] [Thread-1 (]: Re-using an available connection from the pool (formerly test.duckdb_local.not_null_fct_order_revenue__dbt_invocation_id.8cda916a95, now test.duckdb_local.not_null_fct_order_revenue__git_sha.644d0603b5)
[0m03:26:17.736900 [debug] [Thread-1 (]: Began compiling node test.duckdb_local.not_null_fct_order_revenue__git_sha.644d0603b5
[0m03:26:17.738801 [debug] [Thread-1 (]: Writing injected SQL for node "test.duckdb_local.not_null_fct_order_revenue__git_sha.644d0603b5"
[0m03:26:17.739008 [debug] [Thread-1 (]: Began executing node test.duckdb_local.not_null_fct_order_revenue__git_sha.644d0603b5
[0m03:26:17.739248 [debug] [Thread-1 (]: Finished running node test.duckdb_local.not_null_fct_order_revenue__git_sha.644d0603b5
[0m03:26:17.739382 [debug] [Thread-1 (]: Began running node test.duckdb_local.not_null_fct_order_revenue__loaded_at.26c3dd068a
[0m03:26:17.739502 [debug] [Thread-1 (]: Re-using an available connection from the pool (formerly test.duckdb_local.not_null_fct_order_revenue__git_sha.644d0603b5, now test.duckdb_local.not_null_fct_order_revenue__loaded_at.26c3dd068a)
[0m03:26:17.739614 [debug] [Thread-1 (]: Began compiling node test.duckdb_local.not_null_fct_order_revenue__loaded_at.26c3dd068a
[0m03:26:17.741624 [debug] [Thread-1 (]: Writing injected SQL for node "test.duckdb_local.not_null_fct_order_revenue__loaded_at.26c3dd068a"
[0m03:26:17.741831 [debug] [Thread-1 (]: Began executing node test.duckdb_local.not_null_fct_order_revenue__loaded_at.26c3dd068a
[0m03:26:17.742051 [debug] [Thread-1 (]: Finished running node test.duckdb_local.not_null_fct_order_revenue__loaded_at.26c3dd068a
[0m03:26:17.742179 [debug] [Thread-1 (]: Began running node test.duckdb_local.not_null_fct_order_revenue_line_item_count.9736dca1c8
[0m03:26:17.742310 [debug] [Thread-1 (]: Re-using an available connection from the pool (formerly test.duckdb_local.not_null_fct_order_revenue__loaded_at.26c3dd068a, now test.duckdb_local.not_null_fct_order_revenue_line_item_count.9736dca1c8)
[0m03:26:17.742428 [debug] [Thread-1 (]: Began compiling node test.duckdb_local.not_null_fct_order_revenue_line_item_count.9736dca1c8
[0m03:26:17.744523 [debug] [Thread-1 (]: Writing injected SQL for node "test.duckdb_local.not_null_fct_order_revenue_line_item_count.9736dca1c8"
[0m03:26:17.744732 [debug] [Thread-1 (]: Began executing node test.duckdb_local.not_null_fct_order_revenue_line_item_count.9736dca1c8
[0m03:26:17.744950 [debug] [Thread-1 (]: Finished running node test.duckdb_local.not_null_fct_order_revenue_line_item_count.9736dca1c8
[0m03:26:17.745087 [debug] [Thread-1 (]: Began running node test.duckdb_local.not_null_fct_order_revenue_order_id.c968a86ebb
[0m03:26:17.745224 [debug] [Thread-1 (]: Re-using an available connection from the pool (formerly test.duckdb_local.not_null_fct_order_revenue_line_item_count.9736dca1c8, now test.duckdb_local.not_null_fct_order_revenue_order_id.c968a86ebb)
[0m03:26:17.745338 [debug] [Thread-1 (]: Began compiling node test.duckdb_local.not_null_fct_order_revenue_order_id.c968a86ebb
[0m03:26:17.747290 [debug] [Thread-1 (]: Writing injected SQL for node "test.duckdb_local.not_null_fct_order_revenue_order_id.c968a86ebb"
[0m03:26:17.747492 [debug] [Thread-1 (]: Began executing node test.duckdb_local.not_null_fct_order_revenue_order_id.c968a86ebb
[0m03:26:17.747693 [debug] [Thread-1 (]: Finished running node test.duckdb_local.not_null_fct_order_revenue_order_id.c968a86ebb
[0m03:26:17.747812 [debug] [Thread-1 (]: Began running node test.duckdb_local.not_null_fct_order_revenue_total_revenue.7a3a0f8ee4
[0m03:26:17.747939 [debug] [Thread-1 (]: Re-using an available connection from the pool (formerly test.duckdb_local.not_null_fct_order_revenue_order_id.c968a86ebb, now test.duckdb_local.not_null_fct_order_revenue_total_revenue.7a3a0f8ee4)
[0m03:26:17.748060 [debug] [Thread-1 (]: Began compiling node test.duckdb_local.not_null_fct_order_revenue_total_revenue.7a3a0f8ee4
[0m03:26:17.750051 [debug] [Thread-1 (]: Writing injected SQL for node "test.duckdb_local.not_null_fct_order_revenue_total_revenue.7a3a0f8ee4"
[0m03:26:17.750256 [debug] [Thread-1 (]: Began executing node test.duckdb_local.not_null_fct_order_revenue_total_revenue.7a3a0f8ee4
[0m03:26:17.750466 [debug] [Thread-1 (]: Finished running node test.duckdb_local.not_null_fct_order_revenue_total_revenue.7a3a0f8ee4
[0m03:26:17.750594 [debug] [Thread-1 (]: Began running node test.duckdb_local.unique_fct_order_revenue_order_id.fc2c4ae7e0
[0m03:26:17.750722 [debug] [Thread-1 (]: Re-using an available connection from the pool (formerly test.duckdb_local.not_null_fct_order_revenue_total_revenue.7a3a0f8ee4, now test.duckdb_local.unique_fct_order_revenue_order_id.fc2c4ae7e0)
[0m03:26:17.750836 [debug] [Thread-1 (]: Began compiling node test.duckdb_local.unique_fct_order_revenue_order_id.fc2c4ae7e0
[0m03:26:17.753656 [debug] [Thread-1 (]: Writing injected SQL for node "test.duckdb_local.unique_fct_order_revenue_order_id.fc2c4ae7e0"
[0m03:26:17.753862 [debug] [Thread-1 (]: Began executing node test.duckdb_local.unique_fct_order_revenue_order_id.fc2c4ae7e0
[0m03:26:17.754074 [debug] [Thread-1 (]: Finished running node test.duckdb_local.unique_fct_order_revenue_order_id.fc2c4ae7e0
[0m03:26:17.754509 [debug] [MainThread]: Connection 'master' was properly closed.
[0m03:26:17.754616 [debug] [MainThread]: Connection 'test.duckdb_local.unique_fct_order_revenue_order_id.fc2c4ae7e0' was properly closed.
[0m03:26:17.755188 [debug] [MainThread]: Command end result
[0m03:26:17.769609 [debug] [MainThread]: Wrote artifact WritableManifest to /workspace/transformation/target/manifest.json
[0m03:26:17.770478 [debug] [MainThread]: Wrote artifact SemanticManifest to /workspace/transformation/target/semantic_manifest.json
[0m03:26:17.771256 [debug] [MainThread]: Wrote artifact OsiDocument to /workspace/transformation/target/osi_document.json
[0m03:26:17.773823 [debug] [MainThread]: Wrote artifact RunExecutionResult to /workspace/transformation/target/run_results.json
[0m03:26:17.773935 [debug] [MainThread]: Excluded node 'fct_order_revenue' from results
[0m03:26:17.774023 [debug] [MainThread]: Excluded node 'not_null_stg_order_line_items_line_item_id' from results
[0m03:26:17.774116 [debug] [MainThread]: Excluded node 'not_null_stg_order_line_items_order_id' from results
[0m03:26:17.774191 [debug] [MainThread]: Excluded node 'assert_fct_order_revenue_git_sha_no_whitespace' from results
[0m03:26:17.774267 [debug] [MainThread]: Excluded node 'not_null_fct_order_revenue__dbt_invocation_id' from results
[0m03:26:17.774338 [debug] [MainThread]: Excluded node 'not_null_fct_order_revenue__git_sha' from results
[0m03:26:17.774413 [debug] [MainThread]: Excluded node 'not_null_fct_order_revenue__loaded_at' from results
[0m03:26:17.774492 [debug] [MainThread]: Excluded node 'not_null_fct_order_revenue_line_item_count' from results
[0m03:26:17.774566 [debug] [MainThread]: Excluded node 'not_null_fct_order_revenue_order_id' from results
[0m03:26:17.774639 [debug] [MainThread]: Excluded node 'not_null_fct_order_revenue_total_revenue' from results
[0m03:26:17.774709 [debug] [MainThread]: Excluded node 'unique_fct_order_revenue_order_id' from results
[0m03:26:17.774815 [info ] [MainThread]: Compiled node 'stg_order_line_items' is:
-- stg_order_line_items: one row per order line-item event.
-- Light rename/cast from the seed — no business logic.

SELECT
    order_id,
    line_item_id,
    product_id,
    revenue::DECIMAL(10,2) AS revenue,
    quantity::INTEGER AS quantity,
    unit_price::DECIMAL(10,2) AS unit_price,
    customer_id,
    event_timestamp::TIMESTAMP AS event_timestamp
FROM "duckdb-local"."main_main"."raw_order_line_items"
[0m03:26:17.775182 [debug] [MainThread]: Resource report: {"command_name": "compile", "command_success": true, "command_wall_clock_time": 0.6467127, "process_in_blocks": "0", "process_kernel_time": 0.059358, "process_mem_max_rss": "189036", "process_out_blocks": "4704", "process_user_time": 1.162017}
[0m03:26:17.775347 [debug] [MainThread]: Command `dbt compile` succeeded at 03:26:17.775320 after 0.65 seconds
[0m03:26:17.775470 [debug] [MainThread]: Sending event: {'category': 'dbt', 'action': 'invocation', 'label': 'end', 'context': [<snowplow_tracker.self_describing_json.SelfDescribingJson object at 0xffff9826aed0>, <snowplow_tracker.self_describing_json.SelfDescribingJson object at 0xffff9343edb0>, <snowplow_tracker.self_describing_json.SelfDescribingJson object at 0xffff9343ef10>]}
[0m03:26:17.775594 [debug] [MainThread]: Flushing usage events
[0m03:26:19.165594 [debug] [MainThread]: An error was encountered while trying to flush usage events
[0m03:27:22.612207 [debug] [MainThread]: Sending event: {'category': 'dbt', 'action': 'invocation', 'label': 'start', 'context': [<snowplow_tracker.self_describing_json.SelfDescribingJson object at 0xffffb441dbe0>, <snowplow_tracker.self_describing_json.SelfDescribingJson object at 0xffffb2ee3ed0>, <snowplow_tracker.self_describing_json.SelfDescribingJson object at 0xffffb2ee39d0>]}


============================== 03:27:22.615474 | b7654d57-4b97-4b08-93b9-6c4346e42ccb ==============================
[0m03:27:22.615474 [info ] [MainThread]: Running with dbt=1.12.0
[0m03:27:22.615679 [debug] [MainThread]: running dbt with arguments {'no_print': 'None', 'hints_enabled': 'True', 'warn_error': 'None', 'empty': 'False', 'log_path': '/workspace/transformation/logs', 'debug': 'False', 'send_anonymous_usage_stats': 'True', 'introspect': 'True', 'warn_error_options': 'WarnErrorOptionsV2(error=[], warn=[], silence=[])', 'version_check': 'True', 'partial_parse': 'True', 'printer_width': '80', 'write_json': 'True', 'use_colors': 'True', 'use_experimental_parser': 'False', 'invocation_command': 'dbt build --select stg_order_line_items fct_order_revenue --target dev', 'log_format': 'default', 'log_cache_events': 'False', 'maximum_seed_size_mib': '1', 'cache_selected_only': 'False', 'static_parser': 'True', 'fail_fast': 'False', 'quiet': 'False', 'target_path': 'None', 'indirect_selection': 'eager', 'profiles_dir': '/workspace/transformation'}
[0m03:27:22.702874 [debug] [MainThread]: Sending event: {'category': 'dbt', 'action': 'project_id', 'label': 'b7654d57-4b97-4b08-93b9-6c4346e42ccb', 'context': [<snowplow_tracker.self_describing_json.SelfDescribingJson object at 0xffffb4079480>]}
[0m03:27:22.750375 [debug] [MainThread]: Sending event: {'category': 'dbt', 'action': 'adapter_info', 'label': 'b7654d57-4b97-4b08-93b9-6c4346e42ccb', 'context': [<snowplow_tracker.self_describing_json.SelfDescribingJson object at 0xffffaf93d8c0>]}
[0m03:27:22.751127 [info ] [MainThread]: Registered adapter: duckdb=1.10.1
[0m03:27:22.772363 [debug] [MainThread]: checksum: 90a6b225c179091005a773f867edf71059587e0982d46c73fc1b0b58d292cde9, vars: {}, profile: duckdb_local, target: dev, version: 1.12.0
[0m03:27:22.821029 [debug] [MainThread]: Partial parsing enabled: 0 files deleted, 0 files added, 0 files changed.
[0m03:27:22.821184 [debug] [MainThread]: Nothing changed, skipping partial parsing.
[0m03:27:22.821288 [debug] [MainThread]: Partial parsing enabled, no changes found, skipping parsing
[0m03:27:22.824751 [debug] [MainThread]: Sending event: {'category': 'dbt', 'action': 'load_project', 'label': 'b7654d57-4b97-4b08-93b9-6c4346e42ccb', 'context': [<snowplow_tracker.self_describing_json.SelfDescribingJson object at 0xffffae927950>]}
[0m03:27:22.879316 [debug] [MainThread]: Wrote artifact WritableManifest to /workspace/transformation/target/manifest.json
[0m03:27:22.880264 [debug] [MainThread]: Wrote artifact SemanticManifest to /workspace/transformation/target/semantic_manifest.json
[0m03:27:22.884496 [debug] [MainThread]: Wrote artifact OsiDocument to /workspace/transformation/target/osi_document.json
[0m03:27:22.896736 [debug] [MainThread]: Sending event: {'category': 'dbt', 'action': 'resource_counts', 'label': 'b7654d57-4b97-4b08-93b9-6c4346e42ccb', 'context': [<snowplow_tracker.self_describing_json.SelfDescribingJson object at 0xffffae58f200>]}
[0m03:27:22.896929 [info ] [MainThread]: Found 2 models, 1 seed, 10 data tests, 603 macros
[0m03:27:22.897729 [info ] [MainThread]: 
[0m03:27:22.897866 [info ] [MainThread]: Concurrency: 1 threads (target='dev')
[0m03:27:22.897970 [info ] [MainThread]: 
[0m03:27:22.898171 [debug] [MainThread]: Acquiring new duckdb connection 'master'
[0m03:27:22.899873 [debug] [ThreadPool]: Acquiring new duckdb connection 'list_duckdb-local'
[0m03:27:22.911470 [debug] [ThreadPool]: Using duckdb connection "list_duckdb-local"
[0m03:27:22.911621 [debug] [ThreadPool]: On list_duckdb-local: /* {"app": "dbt", "dbt_version": "1.12.0", "profile_name": "duckdb_local", "target_name": "dev", "connection_name": "list_duckdb-local"} */

    
    select schema_name
    from system.information_schema.schemata
    
    where lower(catalog_name) = '"duckdb-local"'
    
  
  
[0m03:27:22.911727 [debug] [ThreadPool]: Opening a new connection, currently in state init
[0m03:27:22.917329 [debug] [ThreadPool]: SQL status: OK in 0.006 seconds
[0m03:27:22.917790 [debug] [ThreadPool]: On list_duckdb-local: Close
[0m03:27:22.918354 [debug] [ThreadPool]: Using duckdb connection "list_duckdb-local"
[0m03:27:22.918469 [debug] [ThreadPool]: On list_duckdb-local: /* {"app": "dbt", "dbt_version": "1.12.0", "profile_name": "duckdb_local", "target_name": "dev", "connection_name": "list_duckdb-local"} */

    
    select schema_name
    from system.information_schema.schemata
    
    where lower(catalog_name) = '"duckdb-local"'
    
  
  
[0m03:27:22.918565 [debug] [ThreadPool]: Opening a new connection, currently in state closed
[0m03:27:22.918877 [debug] [ThreadPool]: SQL status: OK in 0.000 seconds
[0m03:27:22.919246 [debug] [ThreadPool]: On list_duckdb-local: Close
[0m03:27:22.919498 [debug] [ThreadPool]: Re-using an available connection from the pool (formerly list_duckdb-local, now create_duckdb-local_main_marts)
[0m03:27:22.919654 [debug] [ThreadPool]: Creating schema "database: "duckdb-local"
schema: "main_marts"
"
[0m03:27:22.921677 [debug] [ThreadPool]: Using duckdb connection "create_duckdb-local_main_marts"
[0m03:27:22.921787 [debug] [ThreadPool]: On create_duckdb-local_main_marts: /* {"app": "dbt", "dbt_version": "1.12.0", "profile_name": "duckdb_local", "target_name": "dev", "connection_name": "create_duckdb-local_main_marts"} */

    
        select type from duckdb_databases()
        where lower(database_name)='duckdb-local'
        and type='sqlite'
    
  
[0m03:27:22.921876 [debug] [ThreadPool]: Opening a new connection, currently in state closed
[0m03:27:22.922418 [debug] [ThreadPool]: SQL status: OK in 0.001 seconds
[0m03:27:22.922862 [debug] [ThreadPool]: Using duckdb connection "create_duckdb-local_main_marts"
[0m03:27:22.922968 [debug] [ThreadPool]: On create_duckdb-local_main_marts: BEGIN
[0m03:27:22.923136 [debug] [ThreadPool]: SQL status: OK in 0.000 seconds
[0m03:27:22.923218 [debug] [ThreadPool]: Using duckdb connection "create_duckdb-local_main_marts"
[0m03:27:22.923314 [debug] [ThreadPool]: On create_duckdb-local_main_marts: /* {"app": "dbt", "dbt_version": "1.12.0", "profile_name": "duckdb_local", "target_name": "dev", "connection_name": "create_duckdb-local_main_marts"} */

    
    
        create schema if not exists "duckdb-local"."main_marts"
    
[0m03:27:22.923491 [debug] [ThreadPool]: SQL status: OK in 0.000 seconds
[0m03:27:22.923738 [debug] [ThreadPool]: On create_duckdb-local_main_marts: COMMIT
[0m03:27:22.923838 [debug] [ThreadPool]: Using duckdb connection "create_duckdb-local_main_marts"
[0m03:27:22.923924 [debug] [ThreadPool]: On create_duckdb-local_main_marts: COMMIT
[0m03:27:22.924539 [debug] [ThreadPool]: SQL status: OK in 0.001 seconds
[0m03:27:22.924632 [debug] [ThreadPool]: On create_duckdb-local_main_marts: Close
[0m03:27:22.924823 [debug] [ThreadPool]: Re-using an available connection from the pool (formerly create_duckdb-local_main_marts, now create_duckdb-local_main_staging)
[0m03:27:22.924968 [debug] [ThreadPool]: Creating schema "database: "duckdb-local"
schema: "main_staging"
"
[0m03:27:22.925363 [debug] [ThreadPool]: Using duckdb connection "create_duckdb-local_main_staging"
[0m03:27:22.925469 [debug] [ThreadPool]: On create_duckdb-local_main_staging: /* {"app": "dbt", "dbt_version": "1.12.0", "profile_name": "duckdb_local", "target_name": "dev", "connection_name": "create_duckdb-local_main_staging"} */

    
        select type from duckdb_databases()
        where lower(database_name)='duckdb-local'
        and type='sqlite'
    
  
[0m03:27:22.925567 [debug] [ThreadPool]: Opening a new connection, currently in state closed
[0m03:27:22.925853 [debug] [ThreadPool]: SQL status: OK in 0.000 seconds
[0m03:27:22.926220 [debug] [ThreadPool]: Using duckdb connection "create_duckdb-local_main_staging"
[0m03:27:22.926336 [debug] [ThreadPool]: On create_duckdb-local_main_staging: BEGIN
[0m03:27:22.926460 [debug] [ThreadPool]: SQL status: OK in 0.000 seconds
[0m03:27:22.926541 [debug] [ThreadPool]: Using duckdb connection "create_duckdb-local_main_staging"
[0m03:27:22.926627 [debug] [ThreadPool]: On create_duckdb-local_main_staging: /* {"app": "dbt", "dbt_version": "1.12.0", "profile_name": "duckdb_local", "target_name": "dev", "connection_name": "create_duckdb-local_main_staging"} */

    
    
        create schema if not exists "duckdb-local"."main_staging"
    
[0m03:27:22.926771 [debug] [ThreadPool]: SQL status: OK in 0.000 seconds
[0m03:27:22.927016 [debug] [ThreadPool]: On create_duckdb-local_main_staging: COMMIT
[0m03:27:22.927109 [debug] [ThreadPool]: Using duckdb connection "create_duckdb-local_main_staging"
[0m03:27:22.927188 [debug] [ThreadPool]: On create_duckdb-local_main_staging: COMMIT
[0m03:27:22.927442 [debug] [ThreadPool]: SQL status: OK in 0.000 seconds
[0m03:27:22.927548 [debug] [ThreadPool]: On create_duckdb-local_main_staging: Close
[0m03:27:22.928083 [debug] [ThreadPool]: Re-using an available connection from the pool (formerly create_duckdb-local_main_staging, now list_duckdb-local_main_marts)
[0m03:27:22.929586 [debug] [ThreadPool]: Using duckdb connection "list_duckdb-local_main_marts"
[0m03:27:22.929700 [debug] [ThreadPool]: On list_duckdb-local_main_marts: BEGIN
[0m03:27:22.929794 [debug] [ThreadPool]: Opening a new connection, currently in state closed
[0m03:27:22.929991 [debug] [ThreadPool]: SQL status: OK in 0.000 seconds
[0m03:27:22.930073 [debug] [ThreadPool]: Using duckdb connection "list_duckdb-local_main_marts"
[0m03:27:22.930163 [debug] [ThreadPool]: On list_duckdb-local_main_marts: /* {"app": "dbt", "dbt_version": "1.12.0", "profile_name": "duckdb_local", "target_name": "dev", "connection_name": "list_duckdb-local_main_marts"} */
select
      'duckdb-local' as database,
      table_name as name,
      table_schema as schema,
      CASE table_type
        WHEN 'BASE TABLE' THEN 'table'
        WHEN 'VIEW' THEN 'view'
        WHEN 'LOCAL TEMPORARY' THEN 'table'
        END as type
    from system.information_schema.tables
    where lower(table_schema) = 'main_marts'
    and lower(table_catalog) = 'duckdb-local'
  
[0m03:27:22.931229 [debug] [ThreadPool]: SQL status: OK in 0.001 seconds
[0m03:27:22.931903 [debug] [ThreadPool]: On list_duckdb-local_main_marts: ROLLBACK
[0m03:27:22.932257 [debug] [ThreadPool]: Failed to rollback 'list_duckdb-local_main_marts'
[0m03:27:22.932363 [debug] [ThreadPool]: On list_duckdb-local_main_marts: Close
[0m03:27:22.932543 [debug] [ThreadPool]: Re-using an available connection from the pool (formerly list_duckdb-local_main_marts, now list_duckdb-local_main_main)
[0m03:27:22.932900 [debug] [ThreadPool]: Using duckdb connection "list_duckdb-local_main_main"
[0m03:27:22.933007 [debug] [ThreadPool]: On list_duckdb-local_main_main: BEGIN
[0m03:27:22.933096 [debug] [ThreadPool]: Opening a new connection, currently in state closed
[0m03:27:22.933261 [debug] [ThreadPool]: SQL status: OK in 0.000 seconds
[0m03:27:22.933352 [debug] [ThreadPool]: Using duckdb connection "list_duckdb-local_main_main"
[0m03:27:22.933440 [debug] [ThreadPool]: On list_duckdb-local_main_main: /* {"app": "dbt", "dbt_version": "1.12.0", "profile_name": "duckdb_local", "target_name": "dev", "connection_name": "list_duckdb-local_main_main"} */
select
      'duckdb-local' as database,
      table_name as name,
      table_schema as schema,
      CASE table_type
        WHEN 'BASE TABLE' THEN 'table'
        WHEN 'VIEW' THEN 'view'
        WHEN 'LOCAL TEMPORARY' THEN 'table'
        END as type
    from system.information_schema.tables
    where lower(table_schema) = 'main_main'
    and lower(table_catalog) = 'duckdb-local'
  
[0m03:27:22.933916 [debug] [ThreadPool]: SQL status: OK in 0.000 seconds
[0m03:27:22.934293 [debug] [ThreadPool]: On list_duckdb-local_main_main: ROLLBACK
[0m03:27:22.934475 [debug] [ThreadPool]: Failed to rollback 'list_duckdb-local_main_main'
[0m03:27:22.934570 [debug] [ThreadPool]: On list_duckdb-local_main_main: Close
[0m03:27:22.934747 [debug] [ThreadPool]: Re-using an available connection from the pool (formerly list_duckdb-local_main_main, now list_duckdb-local_main_staging)
[0m03:27:22.935072 [debug] [ThreadPool]: Using duckdb connection "list_duckdb-local_main_staging"
[0m03:27:22.935172 [debug] [ThreadPool]: On list_duckdb-local_main_staging: BEGIN
[0m03:27:22.935267 [debug] [ThreadPool]: Opening a new connection, currently in state closed
[0m03:27:22.935424 [debug] [ThreadPool]: SQL status: OK in 0.000 seconds
[0m03:27:22.935515 [debug] [ThreadPool]: Using duckdb connection "list_duckdb-local_main_staging"
[0m03:27:22.935601 [debug] [ThreadPool]: On list_duckdb-local_main_staging: /* {"app": "dbt", "dbt_version": "1.12.0", "profile_name": "duckdb_local", "target_name": "dev", "connection_name": "list_duckdb-local_main_staging"} */
select
      'duckdb-local' as database,
      table_name as name,
      table_schema as schema,
      CASE table_type
        WHEN 'BASE TABLE' THEN 'table'
        WHEN 'VIEW' THEN 'view'
        WHEN 'LOCAL TEMPORARY' THEN 'table'
        END as type
    from system.information_schema.tables
    where lower(table_schema) = 'main_staging'
    and lower(table_catalog) = 'duckdb-local'
  
[0m03:27:22.936050 [debug] [ThreadPool]: SQL status: OK in 0.000 seconds
[0m03:27:22.936451 [debug] [ThreadPool]: On list_duckdb-local_main_staging: ROLLBACK
[0m03:27:22.936689 [debug] [ThreadPool]: Failed to rollback 'list_duckdb-local_main_staging'
[0m03:27:22.936817 [debug] [ThreadPool]: On list_duckdb-local_main_staging: Close
[0m03:27:22.937069 [debug] [MainThread]: Sending event: {'category': 'dbt', 'action': 'runnable_timing', 'label': 'b7654d57-4b97-4b08-93b9-6c4346e42ccb', 'context': [<snowplow_tracker.self_describing_json.SelfDescribingJson object at 0xffffae5492b0>]}
[0m03:27:22.937230 [debug] [MainThread]: Using duckdb connection "master"
[0m03:27:22.937340 [debug] [MainThread]: On master: BEGIN
[0m03:27:22.937432 [debug] [MainThread]: Opening a new connection, currently in state init
[0m03:27:22.937610 [debug] [MainThread]: SQL status: OK in 0.000 seconds
[0m03:27:22.937710 [debug] [MainThread]: On master: COMMIT
[0m03:27:22.937799 [debug] [MainThread]: Using duckdb connection "master"
[0m03:27:22.937896 [debug] [MainThread]: On master: COMMIT
[0m03:27:22.938010 [debug] [MainThread]: SQL status: OK in 0.000 seconds
[0m03:27:22.938111 [debug] [MainThread]: On master: Close
[0m03:27:22.939512 [debug] [Thread-1 (]: Began running node model.duckdb_local.stg_order_line_items
[0m03:27:22.939693 [info ] [Thread-1 (]: 1 of 12 START sql view model main_staging.stg_order_line_items ................. [RUN]
[0m03:27:22.939867 [debug] [Thread-1 (]: Re-using an available connection from the pool (formerly list_duckdb-local_main_staging, now model.duckdb_local.stg_order_line_items)
[0m03:27:22.939975 [debug] [Thread-1 (]: Began compiling node model.duckdb_local.stg_order_line_items
[0m03:27:22.942186 [debug] [Thread-1 (]: Writing injected SQL for node "model.duckdb_local.stg_order_line_items"
[0m03:27:22.942418 [debug] [Thread-1 (]: Began executing node model.duckdb_local.stg_order_line_items
[0m03:27:22.952336 [debug] [Thread-1 (]: Writing runtime sql for node "model.duckdb_local.stg_order_line_items"
[0m03:27:22.952954 [debug] [Thread-1 (]: Using duckdb connection "model.duckdb_local.stg_order_line_items"
[0m03:27:22.953067 [debug] [Thread-1 (]: On model.duckdb_local.stg_order_line_items: BEGIN
[0m03:27:22.953173 [debug] [Thread-1 (]: Opening a new connection, currently in state closed
[0m03:27:22.953423 [debug] [Thread-1 (]: SQL status: OK in 0.000 seconds
[0m03:27:22.953523 [debug] [Thread-1 (]: Using duckdb connection "model.duckdb_local.stg_order_line_items"
[0m03:27:22.953636 [debug] [Thread-1 (]: On model.duckdb_local.stg_order_line_items: /* {"app": "dbt", "dbt_version": "1.12.0", "profile_name": "duckdb_local", "target_name": "dev", "node_id": "model.duckdb_local.stg_order_line_items"} */

  
  create view "duckdb-local"."main_staging"."stg_order_line_items__dbt_tmp" as (
    -- stg_order_line_items: one row per order line-item event.
-- Light rename/cast from the seed — no business logic.

SELECT
    order_id,
    line_item_id,
    product_id,
    revenue::DECIMAL(10,2) AS revenue,
    quantity::INTEGER AS quantity,
    unit_price::DECIMAL(10,2) AS unit_price,
    customer_id,
    event_timestamp::TIMESTAMP AS event_timestamp
FROM "duckdb-local"."main_main"."raw_order_line_items"
  );

[0m03:27:22.955196 [debug] [Thread-1 (]: DuckDB adapter: duckdb error: Catalog Error: Table with name "main_main.raw_order_line_items" does not exist because schema "main_main" does not exist.

LINE 17: FROM "duckdb-local"."main_main"."raw_order_line_items"
              ^
[0m03:27:22.955334 [debug] [Thread-1 (]: DuckDB adapter: Error running SQL: /* {"app": "dbt", "dbt_version": "1.12.0", "profile_name": "duckdb_local", "target_name": "dev", "node_id": "model.duckdb_local.stg_order_line_items"} */

  
  create view "duckdb-local"."main_staging"."stg_order_line_items__dbt_tmp" as (
    -- stg_order_line_items: one row per order line-item event.
-- Light rename/cast from the seed — no business logic.

SELECT
    order_id,
    line_item_id,
    product_id,
    revenue::DECIMAL(10,2) AS revenue,
    quantity::INTEGER AS quantity,
    unit_price::DECIMAL(10,2) AS unit_price,
    customer_id,
    event_timestamp::TIMESTAMP AS event_timestamp
FROM "duckdb-local"."main_main"."raw_order_line_items"
  );

[0m03:27:22.955442 [debug] [Thread-1 (]: DuckDB adapter: Rolling back transaction.
[0m03:27:22.955538 [debug] [Thread-1 (]: On model.duckdb_local.stg_order_line_items: ROLLBACK
[0m03:27:22.956443 [debug] [Thread-1 (]: Failed to rollback 'model.duckdb_local.stg_order_line_items'
[0m03:27:22.956631 [debug] [Thread-1 (]: On model.duckdb_local.stg_order_line_items: Close
[0m03:27:22.959027 [debug] [Thread-1 (]: Runtime Error in model stg_order_line_items (models/staging/stg_order_line_items.sql)
  Catalog Error: Table with name "main_main.raw_order_line_items" does not exist because schema "main_main" does not exist.
  
  LINE 17: FROM "duckdb-local"."main_main"."raw_order_line_items"
                ^
[0m03:27:22.959847 [debug] [Thread-1 (]: Sending event: {'category': 'dbt', 'action': 'run_model', 'label': 'b7654d57-4b97-4b08-93b9-6c4346e42ccb', 'context': [<snowplow_tracker.self_describing_json.SelfDescribingJson object at 0xffffac064ef0>]}
[0m03:27:22.960078 [error] [Thread-1 (]: 1 of 12 ERROR creating sql view model main_staging.stg_order_line_items ........ [[31mERROR[0m in 0.02s]
[0m03:27:22.960304 [debug] [Thread-1 (]: Finished running node model.duckdb_local.stg_order_line_items
[0m03:27:22.960520 [debug] [Thread-4 (]: Marking all children of 'model.duckdb_local.stg_order_line_items' to be skipped because of status 'error'.  Reason: Runtime Error in model stg_order_line_items (models/staging/stg_order_line_items.sql)
  Catalog Error: Table with name "main_main.raw_order_line_items" does not exist because schema "main_main" does not exist.
  
  LINE 17: FROM "duckdb-local"."main_main"."raw_order_line_items"
                ^.
[0m03:27:22.960950 [debug] [Thread-1 (]: Began running node test.duckdb_local.not_null_stg_order_line_items_line_item_id.a22861df89
[0m03:27:22.961089 [info ] [Thread-1 (]: 2 of 12 SKIP test not_null_stg_order_line_items_line_item_id ................... [[33mSKIP[0m]
[0m03:27:22.961237 [debug] [Thread-1 (]: Finished running node test.duckdb_local.not_null_stg_order_line_items_line_item_id.a22861df89
[0m03:27:22.961391 [debug] [Thread-1 (]: Began running node test.duckdb_local.not_null_stg_order_line_items_order_id.919e49c4ba
[0m03:27:22.961515 [info ] [Thread-1 (]: 3 of 12 SKIP test not_null_stg_order_line_items_order_id ....................... [[33mSKIP[0m]
[0m03:27:22.961647 [debug] [Thread-1 (]: Finished running node test.duckdb_local.not_null_stg_order_line_items_order_id.919e49c4ba
[0m03:27:22.961768 [debug] [Thread-4 (]: Marking all children of 'test.duckdb_local.not_null_stg_order_line_items_line_item_id.a22861df89' to be skipped because of status 'skipped'. 
[0m03:27:22.961895 [debug] [Thread-4 (]: Marking all children of 'test.duckdb_local.not_null_stg_order_line_items_order_id.919e49c4ba' to be skipped because of status 'skipped'. 
[0m03:27:22.962113 [debug] [Thread-1 (]: Began running node model.duckdb_local.fct_order_revenue
[0m03:27:22.962232 [info ] [Thread-1 (]: 4 of 12 SKIP relation main_marts.fct_order_revenue ............................. [[33mSKIP[0m]
[0m03:27:22.962383 [debug] [Thread-1 (]: Finished running node model.duckdb_local.fct_order_revenue
[0m03:27:22.962514 [debug] [Thread-4 (]: Marking all children of 'model.duckdb_local.fct_order_revenue' to be skipped because of status 'skipped'. 
[0m03:27:22.962823 [debug] [Thread-1 (]: Began running node test.duckdb_local.assert_fct_order_revenue_git_sha_no_whitespace
[0m03:27:22.962952 [info ] [Thread-1 (]: 5 of 12 SKIP test assert_fct_order_revenue_git_sha_no_whitespace ............... [[33mSKIP[0m]
[0m03:27:22.963086 [debug] [Thread-1 (]: Finished running node test.duckdb_local.assert_fct_order_revenue_git_sha_no_whitespace
[0m03:27:22.963210 [debug] [Thread-1 (]: Began running node test.duckdb_local.not_null_fct_order_revenue__dbt_invocation_id.8cda916a95
[0m03:27:22.963345 [info ] [Thread-1 (]: 6 of 12 SKIP test not_null_fct_order_revenue__dbt_invocation_id ................ [[33mSKIP[0m]
[0m03:27:22.963471 [debug] [Thread-1 (]: Finished running node test.duckdb_local.not_null_fct_order_revenue__dbt_invocation_id.8cda916a95
[0m03:27:22.963590 [debug] [Thread-1 (]: Began running node test.duckdb_local.not_null_fct_order_revenue__git_sha.644d0603b5
[0m03:27:22.963710 [info ] [Thread-1 (]: 7 of 12 SKIP test not_null_fct_order_revenue__git_sha .......................... [[33mSKIP[0m]
[0m03:27:22.963838 [debug] [Thread-1 (]: Finished running node test.duckdb_local.not_null_fct_order_revenue__git_sha.644d0603b5
[0m03:27:22.963951 [debug] [Thread-1 (]: Began running node test.duckdb_local.not_null_fct_order_revenue__loaded_at.26c3dd068a
[0m03:27:22.964076 [info ] [Thread-1 (]: 8 of 12 SKIP test not_null_fct_order_revenue__loaded_at ........................ [[33mSKIP[0m]
[0m03:27:22.964212 [debug] [Thread-1 (]: Finished running node test.duckdb_local.not_null_fct_order_revenue__loaded_at.26c3dd068a
[0m03:27:22.964342 [debug] [Thread-1 (]: Began running node test.duckdb_local.not_null_fct_order_revenue_line_item_count.9736dca1c8
[0m03:27:22.964452 [info ] [Thread-1 (]: 9 of 12 SKIP test not_null_fct_order_revenue_line_item_count ................... [[33mSKIP[0m]
[0m03:27:22.964585 [debug] [Thread-1 (]: Finished running node test.duckdb_local.not_null_fct_order_revenue_line_item_count.9736dca1c8
[0m03:27:22.964706 [debug] [Thread-1 (]: Began running node test.duckdb_local.not_null_fct_order_revenue_order_id.c968a86ebb
[0m03:27:22.964826 [info ] [Thread-1 (]: 10 of 12 SKIP test not_null_fct_order_revenue_order_id ......................... [[33mSKIP[0m]
[0m03:27:22.964961 [debug] [Thread-1 (]: Finished running node test.duckdb_local.not_null_fct_order_revenue_order_id.c968a86ebb
[0m03:27:22.965076 [debug] [Thread-1 (]: Began running node test.duckdb_local.not_null_fct_order_revenue_total_revenue.7a3a0f8ee4
[0m03:27:22.965196 [info ] [Thread-1 (]: 11 of 12 SKIP test not_null_fct_order_revenue_total_revenue .................... [[33mSKIP[0m]
[0m03:27:22.965333 [debug] [Thread-1 (]: Finished running node test.duckdb_local.not_null_fct_order_revenue_total_revenue.7a3a0f8ee4
[0m03:27:22.965452 [debug] [Thread-1 (]: Began running node test.duckdb_local.unique_fct_order_revenue_order_id.fc2c4ae7e0
[0m03:27:22.965564 [info ] [Thread-1 (]: 12 of 12 SKIP test unique_fct_order_revenue_order_id ........................... [[33mSKIP[0m]
[0m03:27:22.965696 [debug] [Thread-1 (]: Finished running node test.duckdb_local.unique_fct_order_revenue_order_id.fc2c4ae7e0
[0m03:27:22.965811 [debug] [Thread-4 (]: Marking all children of 'test.duckdb_local.assert_fct_order_revenue_git_sha_no_whitespace' to be skipped because of status 'skipped'. 
[0m03:27:22.965931 [debug] [Thread-4 (]: Marking all children of 'test.duckdb_local.not_null_fct_order_revenue__dbt_invocation_id.8cda916a95' to be skipped because of status 'skipped'. 
[0m03:27:22.966034 [debug] [Thread-4 (]: Marking all children of 'test.duckdb_local.not_null_fct_order_revenue__git_sha.644d0603b5' to be skipped because of status 'skipped'. 
[0m03:27:22.966134 [debug] [Thread-4 (]: Marking all children of 'test.duckdb_local.not_null_fct_order_revenue__loaded_at.26c3dd068a' to be skipped because of status 'skipped'. 
[0m03:27:22.966238 [debug] [Thread-4 (]: Marking all children of 'test.duckdb_local.not_null_fct_order_revenue_line_item_count.9736dca1c8' to be skipped because of status 'skipped'. 
[0m03:27:22.966354 [debug] [Thread-4 (]: Marking all children of 'test.duckdb_local.not_null_fct_order_revenue_order_id.c968a86ebb' to be skipped because of status 'skipped'. 
[0m03:27:22.966460 [debug] [Thread-4 (]: Marking all children of 'test.duckdb_local.not_null_fct_order_revenue_total_revenue.7a3a0f8ee4' to be skipped because of status 'skipped'. 
[0m03:27:22.966548 [debug] [Thread-4 (]: Marking all children of 'test.duckdb_local.unique_fct_order_revenue_order_id.fc2c4ae7e0' to be skipped because of status 'skipped'. 
[0m03:27:22.967019 [debug] [MainThread]: Using duckdb connection "master"
[0m03:27:22.967118 [debug] [MainThread]: On master: BEGIN
[0m03:27:22.967203 [debug] [MainThread]: Opening a new connection, currently in state closed
[0m03:27:22.967413 [debug] [MainThread]: SQL status: OK in 0.000 seconds
[0m03:27:22.967499 [debug] [MainThread]: On master: COMMIT
[0m03:27:22.967586 [debug] [MainThread]: Using duckdb connection "master"
[0m03:27:22.967668 [debug] [MainThread]: On master: COMMIT
[0m03:27:22.967793 [debug] [MainThread]: SQL status: OK in 0.000 seconds
[0m03:27:22.967885 [debug] [MainThread]: On master: Close
[0m03:27:22.968007 [debug] [MainThread]: Connection 'master' was properly closed.
[0m03:27:22.968096 [debug] [MainThread]: Connection 'model.duckdb_local.stg_order_line_items' was properly closed.
[0m03:27:22.968206 [info ] [MainThread]: 
[0m03:27:22.968327 [info ] [MainThread]: Finished running 1 table model, 10 data tests, 1 view model in 0 hours 0 minutes and 0.07 seconds (0.07s).
[0m03:27:22.968630 [debug] [MainThread]: Command end result
[0m03:27:22.983864 [debug] [MainThread]: Wrote artifact WritableManifest to /workspace/transformation/target/manifest.json
[0m03:27:22.984789 [debug] [MainThread]: Wrote artifact SemanticManifest to /workspace/transformation/target/semantic_manifest.json
[0m03:27:22.985596 [debug] [MainThread]: Wrote artifact OsiDocument to /workspace/transformation/target/osi_document.json
[0m03:27:22.988161 [debug] [MainThread]: Wrote artifact RunExecutionResult to /workspace/transformation/target/run_results.json
[0m03:27:22.988291 [info ] [MainThread]: 
[0m03:27:22.988433 [info ] [MainThread]: [31mCompleted with 1 error, 0 partial successes, and 0 warnings:[0m
[0m03:27:22.988537 [info ] [MainThread]: 
[0m03:27:22.988661 [error] [MainThread]: [[31mERROR[0m]: in model stg_order_line_items (models/staging/stg_order_line_items.sql)
[0m03:27:22.988789 [error] [MainThread]:   Runtime Error in model stg_order_line_items (models/staging/stg_order_line_items.sql)
  Catalog Error: Table with name "main_main.raw_order_line_items" does not exist because schema "main_main" does not exist.
  
  LINE 17: FROM "duckdb-local"."main_main"."raw_order_line_items"
                ^
[0m03:27:22.988890 [info ] [MainThread]: 
[0m03:27:22.989001 [info ] [MainThread]:   compiled code at target/compiled/duckdb_local/models/staging/stg_order_line_items.sql
[0m03:27:22.989092 [info ] [MainThread]: 
[0m03:27:22.989196 [info ] [MainThread]: Done. PASS=0 WARN=0 ERROR=1 SKIP=11 NO-OP=0 REUSED=0 TOTAL=12
[0m03:27:22.989549 [debug] [MainThread]: Resource report: {"command_name": "build", "command_success": false, "command_wall_clock_time": 0.40681174, "process_in_blocks": "3824", "process_kernel_time": 0.065108, "process_mem_max_rss": "176300", "process_out_blocks": "3176", "process_user_time": 0.916525}
[0m03:27:22.989706 [debug] [MainThread]: Command `dbt build` failed at 03:27:22.989679 after 0.41 seconds
[0m03:27:22.989840 [debug] [MainThread]: Sending event: {'category': 'dbt', 'action': 'invocation', 'label': 'end', 'context': [<snowplow_tracker.self_describing_json.SelfDescribingJson object at 0xffffb2f4aed0>, <snowplow_tracker.self_describing_json.SelfDescribingJson object at 0xffffae5c2c50>, <snowplow_tracker.self_describing_json.SelfDescribingJson object at 0xffffae5c1f40>]}
[0m03:27:22.989960 [debug] [MainThread]: Flushing usage events
[0m03:27:24.307116 [debug] [MainThread]: An error was encountered while trying to flush usage events
[0m03:28:14.711791 [debug] [MainThread]: Sending event: {'category': 'dbt', 'action': 'invocation', 'label': 'start', 'context': [<snowplow_tracker.self_describing_json.SelfDescribingJson object at 0xffffa9ab9be0>, <snowplow_tracker.self_describing_json.SelfDescribingJson object at 0xffffa8573ed0>, <snowplow_tracker.self_describing_json.SelfDescribingJson object at 0xffffa85739d0>]}


============================== 03:28:14.715097 | 8c6cdfa7-02a2-443f-983c-141db66c7caf ==============================
[0m03:28:14.715097 [info ] [MainThread]: Running with dbt=1.12.0
[0m03:28:14.715309 [debug] [MainThread]: running dbt with arguments {'maximum_seed_size_mib': '1', 'printer_width': '80', 'target_path': 'None', 'static_parser': 'True', 'hints_enabled': 'True', 'no_print': 'None', 'fail_fast': 'False', 'introspect': 'True', 'empty': 'False', 'use_experimental_parser': 'False', 'version_check': 'True', 'log_path': '/workspace/transformation/logs', 'quiet': 'False', 'cache_selected_only': 'False', 'warn_error': 'None', 'profiles_dir': '/workspace/transformation', 'send_anonymous_usage_stats': 'True', 'use_colors': 'True', 'invocation_command': 'dbt seed --target dev', 'log_cache_events': 'False', 'warn_error_options': 'WarnErrorOptionsV2(error=[], warn=[], silence=[])', 'partial_parse': 'True', 'write_json': 'True', 'indirect_selection': 'eager', 'log_format': 'default', 'debug': 'False'}
[0m03:28:14.805839 [debug] [MainThread]: Sending event: {'category': 'dbt', 'action': 'project_id', 'label': '8c6cdfa7-02a2-443f-983c-141db66c7caf', 'context': [<snowplow_tracker.self_describing_json.SelfDescribingJson object at 0xffffa970d480>]}
[0m03:28:14.855907 [debug] [MainThread]: Sending event: {'category': 'dbt', 'action': 'adapter_info', 'label': '8c6cdfa7-02a2-443f-983c-141db66c7caf', 'context': [<snowplow_tracker.self_describing_json.SelfDescribingJson object at 0xffffa4fcd8c0>]}
[0m03:28:14.856739 [info ] [MainThread]: Registered adapter: duckdb=1.10.1
[0m03:28:14.878156 [debug] [MainThread]: checksum: 90a6b225c179091005a773f867edf71059587e0982d46c73fc1b0b58d292cde9, vars: {}, profile: duckdb_local, target: dev, version: 1.12.0
[0m03:28:14.920992 [info ] [MainThread]: Unable to do partial parsing because a project config has changed
[0m03:28:14.921188 [debug] [MainThread]: Sending event: {'category': 'dbt', 'action': 'partial_parser', 'label': '8c6cdfa7-02a2-443f-983c-141db66c7caf', 'context': [<snowplow_tracker.self_describing_json.SelfDescribingJson object at 0xffffa40efa50>]}
[0m03:28:15.614358 [debug] [MainThread]: Sending event: {'category': 'dbt', 'action': 'load_project', 'label': '8c6cdfa7-02a2-443f-983c-141db66c7caf', 'context': [<snowplow_tracker.self_describing_json.SelfDescribingJson object at 0xffffa3ea99a0>]}
[0m03:28:15.653746 [debug] [MainThread]: Wrote artifact WritableManifest to /workspace/transformation/target/manifest.json
[0m03:28:15.654705 [debug] [MainThread]: Wrote artifact SemanticManifest to /workspace/transformation/target/semantic_manifest.json
[0m03:28:15.658985 [debug] [MainThread]: Wrote artifact OsiDocument to /workspace/transformation/target/osi_document.json
[0m03:28:15.664714 [debug] [MainThread]: Sending event: {'category': 'dbt', 'action': 'resource_counts', 'label': '8c6cdfa7-02a2-443f-983c-141db66c7caf', 'context': [<snowplow_tracker.self_describing_json.SelfDescribingJson object at 0xffffa3086270>]}
[0m03:28:15.664903 [info ] [MainThread]: Found 2 models, 10 data tests, 1 seed, 603 macros
[0m03:28:15.665035 [debug] [MainThread]: Sending event: {'category': 'dbt', 'action': 'runnable_timing', 'label': '8c6cdfa7-02a2-443f-983c-141db66c7caf', 'context': [<snowplow_tracker.self_describing_json.SelfDescribingJson object at 0xffffa2fd4600>]}
[0m03:28:15.665675 [info ] [MainThread]: 
[0m03:28:15.665811 [info ] [MainThread]: Concurrency: 1 threads (target='dev')
[0m03:28:15.665910 [info ] [MainThread]: 
[0m03:28:15.666090 [debug] [MainThread]: Acquiring new duckdb connection 'master'
[0m03:28:15.666453 [debug] [ThreadPool]: Acquiring new duckdb connection 'list_duckdb-local'
[0m03:28:15.677293 [debug] [ThreadPool]: Using duckdb connection "list_duckdb-local"
[0m03:28:15.677437 [debug] [ThreadPool]: On list_duckdb-local: /* {"app": "dbt", "dbt_version": "1.12.0", "profile_name": "duckdb_local", "target_name": "dev", "connection_name": "list_duckdb-local"} */

    
    select schema_name
    from system.information_schema.schemata
    
    where lower(catalog_name) = '"duckdb-local"'
    
  
  
[0m03:28:15.677545 [debug] [ThreadPool]: Opening a new connection, currently in state init
[0m03:28:15.683859 [debug] [ThreadPool]: SQL status: OK in 0.006 seconds
[0m03:28:15.684369 [debug] [ThreadPool]: On list_duckdb-local: Close
[0m03:28:15.684723 [debug] [ThreadPool]: Re-using an available connection from the pool (formerly list_duckdb-local, now create_duckdb-local_main)
[0m03:28:15.684934 [debug] [ThreadPool]: Creating schema "database: "duckdb-local"
schema: "main"
"
[0m03:28:15.686982 [debug] [ThreadPool]: Using duckdb connection "create_duckdb-local_main"
[0m03:28:15.687114 [debug] [ThreadPool]: On create_duckdb-local_main: /* {"app": "dbt", "dbt_version": "1.12.0", "profile_name": "duckdb_local", "target_name": "dev", "connection_name": "create_duckdb-local_main"} */

    
        select type from duckdb_databases()
        where lower(database_name)='duckdb-local'
        and type='sqlite'
    
  
[0m03:28:15.687212 [debug] [ThreadPool]: Opening a new connection, currently in state closed
[0m03:28:15.687554 [debug] [ThreadPool]: SQL status: OK in 0.000 seconds
[0m03:28:15.687985 [debug] [ThreadPool]: Using duckdb connection "create_duckdb-local_main"
[0m03:28:15.688087 [debug] [ThreadPool]: On create_duckdb-local_main: BEGIN
[0m03:28:15.688235 [debug] [ThreadPool]: SQL status: OK in 0.000 seconds
[0m03:28:15.688324 [debug] [ThreadPool]: Using duckdb connection "create_duckdb-local_main"
[0m03:28:15.688418 [debug] [ThreadPool]: On create_duckdb-local_main: /* {"app": "dbt", "dbt_version": "1.12.0", "profile_name": "duckdb_local", "target_name": "dev", "connection_name": "create_duckdb-local_main"} */

    
    
        create schema if not exists "duckdb-local"."main"
    
[0m03:28:15.688597 [debug] [ThreadPool]: SQL status: OK in 0.000 seconds
[0m03:28:15.688853 [debug] [ThreadPool]: On create_duckdb-local_main: COMMIT
[0m03:28:15.688954 [debug] [ThreadPool]: Using duckdb connection "create_duckdb-local_main"
[0m03:28:15.689043 [debug] [ThreadPool]: On create_duckdb-local_main: COMMIT
[0m03:28:15.689172 [debug] [ThreadPool]: SQL status: OK in 0.000 seconds
[0m03:28:15.689268 [debug] [ThreadPool]: On create_duckdb-local_main: Close
[0m03:28:15.689824 [debug] [ThreadPool]: Re-using an available connection from the pool (formerly create_duckdb-local_main, now list_duckdb-local_main_staging)
[0m03:28:15.691381 [debug] [ThreadPool]: Using duckdb connection "list_duckdb-local_main_staging"
[0m03:28:15.691499 [debug] [ThreadPool]: On list_duckdb-local_main_staging: BEGIN
[0m03:28:15.691601 [debug] [ThreadPool]: Opening a new connection, currently in state closed
[0m03:28:15.691836 [debug] [ThreadPool]: SQL status: OK in 0.000 seconds
[0m03:28:15.691947 [debug] [ThreadPool]: Using duckdb connection "list_duckdb-local_main_staging"
[0m03:28:15.692035 [debug] [ThreadPool]: On list_duckdb-local_main_staging: /* {"app": "dbt", "dbt_version": "1.12.0", "profile_name": "duckdb_local", "target_name": "dev", "connection_name": "list_duckdb-local_main_staging"} */
select
      'duckdb-local' as database,
      table_name as name,
      table_schema as schema,
      CASE table_type
        WHEN 'BASE TABLE' THEN 'table'
        WHEN 'VIEW' THEN 'view'
        WHEN 'LOCAL TEMPORARY' THEN 'table'
        END as type
    from system.information_schema.tables
    where lower(table_schema) = 'main_staging'
    and lower(table_catalog) = 'duckdb-local'
  
[0m03:28:15.693113 [debug] [ThreadPool]: SQL status: OK in 0.001 seconds
[0m03:28:15.693528 [debug] [ThreadPool]: On list_duckdb-local_main_staging: ROLLBACK
[0m03:28:15.693896 [debug] [ThreadPool]: Failed to rollback 'list_duckdb-local_main_staging'
[0m03:28:15.693998 [debug] [ThreadPool]: On list_duckdb-local_main_staging: Close
[0m03:28:15.694188 [debug] [ThreadPool]: Re-using an available connection from the pool (formerly list_duckdb-local_main_staging, now list_duckdb-local_main_marts)
[0m03:28:15.694545 [debug] [ThreadPool]: Using duckdb connection "list_duckdb-local_main_marts"
[0m03:28:15.694658 [debug] [ThreadPool]: On list_duckdb-local_main_marts: BEGIN
[0m03:28:15.694746 [debug] [ThreadPool]: Opening a new connection, currently in state closed
[0m03:28:15.694911 [debug] [ThreadPool]: SQL status: OK in 0.000 seconds
[0m03:28:15.694995 [debug] [ThreadPool]: Using duckdb connection "list_duckdb-local_main_marts"
[0m03:28:15.695081 [debug] [ThreadPool]: On list_duckdb-local_main_marts: /* {"app": "dbt", "dbt_version": "1.12.0", "profile_name": "duckdb_local", "target_name": "dev", "connection_name": "list_duckdb-local_main_marts"} */
select
      'duckdb-local' as database,
      table_name as name,
      table_schema as schema,
      CASE table_type
        WHEN 'BASE TABLE' THEN 'table'
        WHEN 'VIEW' THEN 'view'
        WHEN 'LOCAL TEMPORARY' THEN 'table'
        END as type
    from system.information_schema.tables
    where lower(table_schema) = 'main_marts'
    and lower(table_catalog) = 'duckdb-local'
  
[0m03:28:15.695561 [debug] [ThreadPool]: SQL status: OK in 0.000 seconds
[0m03:28:15.695930 [debug] [ThreadPool]: On list_duckdb-local_main_marts: ROLLBACK
[0m03:28:15.696112 [debug] [ThreadPool]: Failed to rollback 'list_duckdb-local_main_marts'
[0m03:28:15.696198 [debug] [ThreadPool]: On list_duckdb-local_main_marts: Close
[0m03:28:15.696368 [debug] [ThreadPool]: Re-using an available connection from the pool (formerly list_duckdb-local_main_marts, now list_duckdb-local_main)
[0m03:28:15.696702 [debug] [ThreadPool]: Using duckdb connection "list_duckdb-local_main"
[0m03:28:15.696803 [debug] [ThreadPool]: On list_duckdb-local_main: BEGIN
[0m03:28:15.696888 [debug] [ThreadPool]: Opening a new connection, currently in state closed
[0m03:28:15.697038 [debug] [ThreadPool]: SQL status: OK in 0.000 seconds
[0m03:28:15.697119 [debug] [ThreadPool]: Using duckdb connection "list_duckdb-local_main"
[0m03:28:15.697203 [debug] [ThreadPool]: On list_duckdb-local_main: /* {"app": "dbt", "dbt_version": "1.12.0", "profile_name": "duckdb_local", "target_name": "dev", "connection_name": "list_duckdb-local_main"} */
select
      'duckdb-local' as database,
      table_name as name,
      table_schema as schema,
      CASE table_type
        WHEN 'BASE TABLE' THEN 'table'
        WHEN 'VIEW' THEN 'view'
        WHEN 'LOCAL TEMPORARY' THEN 'table'
        END as type
    from system.information_schema.tables
    where lower(table_schema) = 'main'
    and lower(table_catalog) = 'duckdb-local'
  
[0m03:28:15.697654 [debug] [ThreadPool]: SQL status: OK in 0.000 seconds
[0m03:28:15.698000 [debug] [ThreadPool]: On list_duckdb-local_main: ROLLBACK
[0m03:28:15.698161 [debug] [ThreadPool]: Failed to rollback 'list_duckdb-local_main'
[0m03:28:15.698253 [debug] [ThreadPool]: On list_duckdb-local_main: Close
[0m03:28:15.698505 [debug] [MainThread]: Sending event: {'category': 'dbt', 'action': 'runnable_timing', 'label': '8c6cdfa7-02a2-443f-983c-141db66c7caf', 'context': [<snowplow_tracker.self_describing_json.SelfDescribingJson object at 0xffffa24684d0>]}
[0m03:28:15.698687 [debug] [MainThread]: Using duckdb connection "master"
[0m03:28:15.698784 [debug] [MainThread]: On master: BEGIN
[0m03:28:15.698871 [debug] [MainThread]: Opening a new connection, currently in state init
[0m03:28:15.699035 [debug] [MainThread]: SQL status: OK in 0.000 seconds
[0m03:28:15.699134 [debug] [MainThread]: On master: COMMIT
[0m03:28:15.699222 [debug] [MainThread]: Using duckdb connection "master"
[0m03:28:15.699307 [debug] [MainThread]: On master: COMMIT
[0m03:28:15.699432 [debug] [MainThread]: SQL status: OK in 0.000 seconds
[0m03:28:15.699528 [debug] [MainThread]: On master: Close
[0m03:28:15.700906 [debug] [Thread-1 (]: Began running node seed.duckdb_local.raw_order_line_items
[0m03:28:15.701079 [info ] [Thread-1 (]: 1 of 1 START seed file main.raw_order_line_items ............................... [RUN]
[0m03:28:15.701242 [debug] [Thread-1 (]: Re-using an available connection from the pool (formerly list_duckdb-local_main, now seed.duckdb_local.raw_order_line_items)
[0m03:28:15.701357 [debug] [Thread-1 (]: Began compiling node seed.duckdb_local.raw_order_line_items
[0m03:28:15.701463 [debug] [Thread-1 (]: Began executing node seed.duckdb_local.raw_order_line_items
[0m03:28:15.711189 [debug] [Thread-1 (]: Using duckdb connection "seed.duckdb_local.raw_order_line_items"
[0m03:28:15.711334 [debug] [Thread-1 (]: On seed.duckdb_local.raw_order_line_items: BEGIN
[0m03:28:15.711445 [debug] [Thread-1 (]: Opening a new connection, currently in state closed
[0m03:28:15.711758 [debug] [Thread-1 (]: SQL status: OK in 0.000 seconds
[0m03:28:15.711874 [debug] [Thread-1 (]: Using duckdb connection "seed.duckdb_local.raw_order_line_items"
[0m03:28:15.711981 [debug] [Thread-1 (]: On seed.duckdb_local.raw_order_line_items: /* {"app": "dbt", "dbt_version": "1.12.0", "profile_name": "duckdb_local", "target_name": "dev", "node_id": "seed.duckdb_local.raw_order_line_items"} */

    create table "duckdb-local"."main"."raw_order_line_items" ("order_id" integer,"line_item_id" integer,"product_id" integer,"revenue" float8,"quantity" integer,"unit_price" float8,"customer_id" integer,"event_timestamp" timestamp without time zone)
  
[0m03:28:15.712632 [debug] [Thread-1 (]: SQL status: OK in 0.001 seconds
[0m03:28:15.716201 [debug] [Thread-1 (]: Using duckdb connection "seed.duckdb_local.raw_order_line_items"
[0m03:28:15.716338 [debug] [Thread-1 (]: On seed.duckdb_local.raw_order_line_items: 
          COPY "duckdb-local"."main"."raw_order_line_items" FROM '/workspace/transformation/seeds/raw_order_line_items.csv' (FORMAT CSV, HEADER TRUE, DELIMITER ',')
        ...
[0m03:28:15.721039 [debug] [Thread-1 (]: SQL status: OK in 0.005 seconds
[0m03:28:15.722796 [debug] [Thread-1 (]: Writing runtime SQL for node "seed.duckdb_local.raw_order_line_items"
[0m03:28:15.729349 [debug] [Thread-1 (]: On seed.duckdb_local.raw_order_line_items: COMMIT
[0m03:28:15.729496 [debug] [Thread-1 (]: Using duckdb connection "seed.duckdb_local.raw_order_line_items"
[0m03:28:15.729617 [debug] [Thread-1 (]: On seed.duckdb_local.raw_order_line_items: COMMIT
[0m03:28:15.730297 [debug] [Thread-1 (]: SQL status: OK in 0.001 seconds
[0m03:28:15.730926 [debug] [Thread-1 (]: On seed.duckdb_local.raw_order_line_items: Close
[0m03:28:15.731489 [debug] [Thread-1 (]: Sending event: {'category': 'dbt', 'action': 'run_model', 'label': '8c6cdfa7-02a2-443f-983c-141db66c7caf', 'context': [<snowplow_tracker.self_describing_json.SelfDescribingJson object at 0xffffa2f12990>]}
[0m03:28:15.731693 [info ] [Thread-1 (]: 1 of 1 OK loaded seed file main.raw_order_line_items ........................... [[32mINSERT 6[0m in 0.03s]
[0m03:28:15.731890 [debug] [Thread-1 (]: Finished running node seed.duckdb_local.raw_order_line_items
[0m03:28:15.732473 [debug] [MainThread]: Using duckdb connection "master"
[0m03:28:15.732615 [debug] [MainThread]: On master: BEGIN
[0m03:28:15.732714 [debug] [MainThread]: Opening a new connection, currently in state closed
[0m03:28:15.732913 [debug] [MainThread]: SQL status: OK in 0.000 seconds
[0m03:28:15.733001 [debug] [MainThread]: On master: COMMIT
[0m03:28:15.733081 [debug] [MainThread]: Using duckdb connection "master"
[0m03:28:15.733167 [debug] [MainThread]: On master: COMMIT
[0m03:28:15.733301 [debug] [MainThread]: SQL status: OK in 0.000 seconds
[0m03:28:15.733394 [debug] [MainThread]: On master: Close
[0m03:28:15.733525 [debug] [MainThread]: Connection 'master' was properly closed.
[0m03:28:15.733621 [debug] [MainThread]: Connection 'seed.duckdb_local.raw_order_line_items' was properly closed.
[0m03:28:15.733714 [info ] [MainThread]: 
[0m03:28:15.733834 [info ] [MainThread]: Finished running 1 seed in 0 hours 0 minutes and 0.07 seconds (0.07s).
[0m03:28:15.734054 [debug] [MainThread]: Command end result
[0m03:28:15.749744 [debug] [MainThread]: Wrote artifact WritableManifest to /workspace/transformation/target/manifest.json
[0m03:28:15.750713 [debug] [MainThread]: Wrote artifact SemanticManifest to /workspace/transformation/target/semantic_manifest.json
[0m03:28:15.751481 [debug] [MainThread]: Wrote artifact OsiDocument to /workspace/transformation/target/osi_document.json
[0m03:28:15.753892 [debug] [MainThread]: Wrote artifact RunExecutionResult to /workspace/transformation/target/run_results.json
[0m03:28:15.754008 [info ] [MainThread]: 
[0m03:28:15.754153 [info ] [MainThread]: [32mCompleted successfully[0m
[0m03:28:15.754261 [info ] [MainThread]: 
[0m03:28:15.754371 [info ] [MainThread]: Done. PASS=1 WARN=0 ERROR=0 SKIP=0 NO-OP=0 REUSED=0 TOTAL=1
[0m03:28:15.754734 [debug] [MainThread]: Resource report: {"command_name": "seed", "command_success": true, "command_wall_clock_time": 1.0725421, "process_in_blocks": "2160", "process_kernel_time": 0.058227, "process_mem_max_rss": "198184", "process_out_blocks": "4569", "process_user_time": 1.599717}
[0m03:28:15.754889 [debug] [MainThread]: Command `dbt seed` succeeded at 03:28:15.754860 after 1.07 seconds
[0m03:28:15.755006 [debug] [MainThread]: Sending event: {'category': 'dbt', 'action': 'invocation', 'label': 'end', 'context': [<snowplow_tracker.self_describing_json.SelfDescribingJson object at 0xffffa2fa7110>, <snowplow_tracker.self_describing_json.SelfDescribingJson object at 0xffffa2fd27b0>, <snowplow_tracker.self_describing_json.SelfDescribingJson object at 0xffffa96a4050>]}
[0m03:28:15.755122 [debug] [MainThread]: Flushing usage events
[0m03:28:17.084269 [debug] [MainThread]: An error was encountered while trying to flush usage events
[0m03:28:17.878776 [debug] [MainThread]: Sending event: {'category': 'dbt', 'action': 'invocation', 'label': 'start', 'context': [<snowplow_tracker.self_describing_json.SelfDescribingJson object at 0xffff9f7b9be0>, <snowplow_tracker.self_describing_json.SelfDescribingJson object at 0xffff9e267ed0>, <snowplow_tracker.self_describing_json.SelfDescribingJson object at 0xffff9e2679d0>]}


============================== 03:28:17.882015 | 7e9f1702-a26c-47a6-bdbc-0f067770bc94 ==============================
[0m03:28:17.882015 [info ] [MainThread]: Running with dbt=1.12.0
[0m03:28:17.882222 [debug] [MainThread]: running dbt with arguments {'write_json': 'True', 'invocation_command': 'dbt build --select stg_order_line_items fct_order_revenue --target dev', 'empty': 'False', 'cache_selected_only': 'False', 'profiles_dir': '/workspace/transformation', 'target_path': 'None', 'introspect': 'True', 'hints_enabled': 'True', 'use_experimental_parser': 'False', 'log_format': 'default', 'printer_width': '80', 'log_cache_events': 'False', 'fail_fast': 'False', 'maximum_seed_size_mib': '1', 'indirect_selection': 'eager', 'warn_error': 'None', 'warn_error_options': 'WarnErrorOptionsV2(error=[], warn=[], silence=[])', 'debug': 'False', 'log_path': '/workspace/transformation/logs', 'static_parser': 'True', 'no_print': 'None', 'send_anonymous_usage_stats': 'True', 'quiet': 'False', 'partial_parse': 'True', 'use_colors': 'True', 'version_check': 'True'}
[0m03:28:17.967754 [debug] [MainThread]: Sending event: {'category': 'dbt', 'action': 'project_id', 'label': '7e9f1702-a26c-47a6-bdbc-0f067770bc94', 'context': [<snowplow_tracker.self_describing_json.SelfDescribingJson object at 0xffff9f40d480>]}
[0m03:28:18.015679 [debug] [MainThread]: Sending event: {'category': 'dbt', 'action': 'adapter_info', 'label': '7e9f1702-a26c-47a6-bdbc-0f067770bc94', 'context': [<snowplow_tracker.self_describing_json.SelfDescribingJson object at 0xffff99fed8c0>]}
[0m03:28:18.016440 [info ] [MainThread]: Registered adapter: duckdb=1.10.1
[0m03:28:18.037413 [debug] [MainThread]: checksum: 90a6b225c179091005a773f867edf71059587e0982d46c73fc1b0b58d292cde9, vars: {}, profile: duckdb_local, target: dev, version: 1.12.0
[0m03:28:18.084418 [debug] [MainThread]: Partial parsing enabled: 0 files deleted, 0 files added, 0 files changed.
[0m03:28:18.084583 [debug] [MainThread]: Nothing changed, skipping partial parsing.
[0m03:28:18.084678 [debug] [MainThread]: Partial parsing enabled, no changes found, skipping parsing
[0m03:28:18.088121 [debug] [MainThread]: Sending event: {'category': 'dbt', 'action': 'load_project', 'label': '7e9f1702-a26c-47a6-bdbc-0f067770bc94', 'context': [<snowplow_tracker.self_describing_json.SelfDescribingJson object at 0xffff99c27a50>]}
[0m03:28:18.142102 [debug] [MainThread]: Wrote artifact WritableManifest to /workspace/transformation/target/manifest.json
[0m03:28:18.143048 [debug] [MainThread]: Wrote artifact SemanticManifest to /workspace/transformation/target/semantic_manifest.json
[0m03:28:18.147046 [debug] [MainThread]: Wrote artifact OsiDocument to /workspace/transformation/target/osi_document.json
[0m03:28:18.156619 [debug] [MainThread]: Sending event: {'category': 'dbt', 'action': 'resource_counts', 'label': '7e9f1702-a26c-47a6-bdbc-0f067770bc94', 'context': [<snowplow_tracker.self_describing_json.SelfDescribingJson object at 0xffff999bf110>]}
[0m03:28:18.156799 [info ] [MainThread]: Found 2 models, 10 data tests, 1 seed, 603 macros
[0m03:28:18.157559 [info ] [MainThread]: 
[0m03:28:18.157693 [info ] [MainThread]: Concurrency: 1 threads (target='dev')
[0m03:28:18.157794 [info ] [MainThread]: 
[0m03:28:18.157982 [debug] [MainThread]: Acquiring new duckdb connection 'master'
[0m03:28:18.159598 [debug] [ThreadPool]: Acquiring new duckdb connection 'list_duckdb-local'
[0m03:28:18.170673 [debug] [ThreadPool]: Using duckdb connection "list_duckdb-local"
[0m03:28:18.170828 [debug] [ThreadPool]: On list_duckdb-local: /* {"app": "dbt", "dbt_version": "1.12.0", "profile_name": "duckdb_local", "target_name": "dev", "connection_name": "list_duckdb-local"} */

    
    select schema_name
    from system.information_schema.schemata
    
    where lower(catalog_name) = '"duckdb-local"'
    
  
  
[0m03:28:18.170936 [debug] [ThreadPool]: Opening a new connection, currently in state init
[0m03:28:18.176206 [debug] [ThreadPool]: SQL status: OK in 0.005 seconds
[0m03:28:18.176701 [debug] [ThreadPool]: On list_duckdb-local: Close
[0m03:28:18.177265 [debug] [ThreadPool]: Using duckdb connection "list_duckdb-local"
[0m03:28:18.177387 [debug] [ThreadPool]: On list_duckdb-local: /* {"app": "dbt", "dbt_version": "1.12.0", "profile_name": "duckdb_local", "target_name": "dev", "connection_name": "list_duckdb-local"} */

    
    select schema_name
    from system.information_schema.schemata
    
    where lower(catalog_name) = '"duckdb-local"'
    
  
  
[0m03:28:18.177487 [debug] [ThreadPool]: Opening a new connection, currently in state closed
[0m03:28:18.177802 [debug] [ThreadPool]: SQL status: OK in 0.000 seconds
[0m03:28:18.178155 [debug] [ThreadPool]: On list_duckdb-local: Close
[0m03:28:18.178393 [debug] [ThreadPool]: Re-using an available connection from the pool (formerly list_duckdb-local, now create_duckdb-local_main_marts)
[0m03:28:18.178555 [debug] [ThreadPool]: Creating schema "database: "duckdb-local"
schema: "main_marts"
"
[0m03:28:18.180470 [debug] [ThreadPool]: Using duckdb connection "create_duckdb-local_main_marts"
[0m03:28:18.180583 [debug] [ThreadPool]: On create_duckdb-local_main_marts: /* {"app": "dbt", "dbt_version": "1.12.0", "profile_name": "duckdb_local", "target_name": "dev", "connection_name": "create_duckdb-local_main_marts"} */

    
        select type from duckdb_databases()
        where lower(database_name)='duckdb-local'
        and type='sqlite'
    
  
[0m03:28:18.180671 [debug] [ThreadPool]: Opening a new connection, currently in state closed
[0m03:28:18.180925 [debug] [ThreadPool]: SQL status: OK in 0.000 seconds
[0m03:28:18.181305 [debug] [ThreadPool]: Using duckdb connection "create_duckdb-local_main_marts"
[0m03:28:18.181399 [debug] [ThreadPool]: On create_duckdb-local_main_marts: BEGIN
[0m03:28:18.181535 [debug] [ThreadPool]: SQL status: OK in 0.000 seconds
[0m03:28:18.181617 [debug] [ThreadPool]: Using duckdb connection "create_duckdb-local_main_marts"
[0m03:28:18.181702 [debug] [ThreadPool]: On create_duckdb-local_main_marts: /* {"app": "dbt", "dbt_version": "1.12.0", "profile_name": "duckdb_local", "target_name": "dev", "connection_name": "create_duckdb-local_main_marts"} */

    
    
        create schema if not exists "duckdb-local"."main_marts"
    
[0m03:28:18.181848 [debug] [ThreadPool]: SQL status: OK in 0.000 seconds
[0m03:28:18.182087 [debug] [ThreadPool]: On create_duckdb-local_main_marts: COMMIT
[0m03:28:18.182182 [debug] [ThreadPool]: Using duckdb connection "create_duckdb-local_main_marts"
[0m03:28:18.182263 [debug] [ThreadPool]: On create_duckdb-local_main_marts: COMMIT
[0m03:28:18.182380 [debug] [ThreadPool]: SQL status: OK in 0.000 seconds
[0m03:28:18.182464 [debug] [ThreadPool]: On create_duckdb-local_main_marts: Close
[0m03:28:18.182655 [debug] [ThreadPool]: Re-using an available connection from the pool (formerly create_duckdb-local_main_marts, now create_duckdb-local_main_staging)
[0m03:28:18.182794 [debug] [ThreadPool]: Creating schema "database: "duckdb-local"
schema: "main_staging"
"
[0m03:28:18.183141 [debug] [ThreadPool]: Using duckdb connection "create_duckdb-local_main_staging"
[0m03:28:18.183244 [debug] [ThreadPool]: On create_duckdb-local_main_staging: /* {"app": "dbt", "dbt_version": "1.12.0", "profile_name": "duckdb_local", "target_name": "dev", "connection_name": "create_duckdb-local_main_staging"} */

    
        select type from duckdb_databases()
        where lower(database_name)='duckdb-local'
        and type='sqlite'
    
  
[0m03:28:18.183334 [debug] [ThreadPool]: Opening a new connection, currently in state closed
[0m03:28:18.183570 [debug] [ThreadPool]: SQL status: OK in 0.000 seconds
[0m03:28:18.183924 [debug] [ThreadPool]: Using duckdb connection "create_duckdb-local_main_staging"
[0m03:28:18.184029 [debug] [ThreadPool]: On create_duckdb-local_main_staging: BEGIN
[0m03:28:18.184148 [debug] [ThreadPool]: SQL status: OK in 0.000 seconds
[0m03:28:18.184230 [debug] [ThreadPool]: Using duckdb connection "create_duckdb-local_main_staging"
[0m03:28:18.184313 [debug] [ThreadPool]: On create_duckdb-local_main_staging: /* {"app": "dbt", "dbt_version": "1.12.0", "profile_name": "duckdb_local", "target_name": "dev", "connection_name": "create_duckdb-local_main_staging"} */

    
    
        create schema if not exists "duckdb-local"."main_staging"
    
[0m03:28:18.184445 [debug] [ThreadPool]: SQL status: OK in 0.000 seconds
[0m03:28:18.184700 [debug] [ThreadPool]: On create_duckdb-local_main_staging: COMMIT
[0m03:28:18.184795 [debug] [ThreadPool]: Using duckdb connection "create_duckdb-local_main_staging"
[0m03:28:18.184879 [debug] [ThreadPool]: On create_duckdb-local_main_staging: COMMIT
[0m03:28:18.184994 [debug] [ThreadPool]: SQL status: OK in 0.000 seconds
[0m03:28:18.185077 [debug] [ThreadPool]: On create_duckdb-local_main_staging: Close
[0m03:28:18.185609 [debug] [ThreadPool]: Re-using an available connection from the pool (formerly create_duckdb-local_main_staging, now list_duckdb-local_main)
[0m03:28:18.187127 [debug] [ThreadPool]: Using duckdb connection "list_duckdb-local_main"
[0m03:28:18.187241 [debug] [ThreadPool]: On list_duckdb-local_main: BEGIN
[0m03:28:18.187330 [debug] [ThreadPool]: Opening a new connection, currently in state closed
[0m03:28:18.187534 [debug] [ThreadPool]: SQL status: OK in 0.000 seconds
[0m03:28:18.187626 [debug] [ThreadPool]: Using duckdb connection "list_duckdb-local_main"
[0m03:28:18.187708 [debug] [ThreadPool]: On list_duckdb-local_main: /* {"app": "dbt", "dbt_version": "1.12.0", "profile_name": "duckdb_local", "target_name": "dev", "connection_name": "list_duckdb-local_main"} */
select
      'duckdb-local' as database,
      table_name as name,
      table_schema as schema,
      CASE table_type
        WHEN 'BASE TABLE' THEN 'table'
        WHEN 'VIEW' THEN 'view'
        WHEN 'LOCAL TEMPORARY' THEN 'table'
        END as type
    from system.information_schema.tables
    where lower(table_schema) = 'main'
    and lower(table_catalog) = 'duckdb-local'
  
[0m03:28:18.188967 [debug] [ThreadPool]: SQL status: OK in 0.001 seconds
[0m03:28:18.189585 [debug] [ThreadPool]: On list_duckdb-local_main: ROLLBACK
[0m03:28:18.189925 [debug] [ThreadPool]: Failed to rollback 'list_duckdb-local_main'
[0m03:28:18.190016 [debug] [ThreadPool]: On list_duckdb-local_main: Close
[0m03:28:18.190187 [debug] [ThreadPool]: Re-using an available connection from the pool (formerly list_duckdb-local_main, now list_duckdb-local_main_marts)
[0m03:28:18.190538 [debug] [ThreadPool]: Using duckdb connection "list_duckdb-local_main_marts"
[0m03:28:18.190644 [debug] [ThreadPool]: On list_duckdb-local_main_marts: BEGIN
[0m03:28:18.190736 [debug] [ThreadPool]: Opening a new connection, currently in state closed
[0m03:28:18.190974 [debug] [ThreadPool]: SQL status: OK in 0.000 seconds
[0m03:28:18.191073 [debug] [ThreadPool]: Using duckdb connection "list_duckdb-local_main_marts"
[0m03:28:18.191162 [debug] [ThreadPool]: On list_duckdb-local_main_marts: /* {"app": "dbt", "dbt_version": "1.12.0", "profile_name": "duckdb_local", "target_name": "dev", "connection_name": "list_duckdb-local_main_marts"} */
select
      'duckdb-local' as database,
      table_name as name,
      table_schema as schema,
      CASE table_type
        WHEN 'BASE TABLE' THEN 'table'
        WHEN 'VIEW' THEN 'view'
        WHEN 'LOCAL TEMPORARY' THEN 'table'
        END as type
    from system.information_schema.tables
    where lower(table_schema) = 'main_marts'
    and lower(table_catalog) = 'duckdb-local'
  
[0m03:28:18.191683 [debug] [ThreadPool]: SQL status: OK in 0.000 seconds
[0m03:28:18.192032 [debug] [ThreadPool]: On list_duckdb-local_main_marts: ROLLBACK
[0m03:28:18.192207 [debug] [ThreadPool]: Failed to rollback 'list_duckdb-local_main_marts'
[0m03:28:18.192299 [debug] [ThreadPool]: On list_duckdb-local_main_marts: Close
[0m03:28:18.192473 [debug] [ThreadPool]: Re-using an available connection from the pool (formerly list_duckdb-local_main_marts, now list_duckdb-local_main_staging)
[0m03:28:18.192818 [debug] [ThreadPool]: Using duckdb connection "list_duckdb-local_main_staging"
[0m03:28:18.192927 [debug] [ThreadPool]: On list_duckdb-local_main_staging: BEGIN
[0m03:28:18.193014 [debug] [ThreadPool]: Opening a new connection, currently in state closed
[0m03:28:18.193153 [debug] [ThreadPool]: SQL status: OK in 0.000 seconds
[0m03:28:18.193244 [debug] [ThreadPool]: Using duckdb connection "list_duckdb-local_main_staging"
[0m03:28:18.193336 [debug] [ThreadPool]: On list_duckdb-local_main_staging: /* {"app": "dbt", "dbt_version": "1.12.0", "profile_name": "duckdb_local", "target_name": "dev", "connection_name": "list_duckdb-local_main_staging"} */
select
      'duckdb-local' as database,
      table_name as name,
      table_schema as schema,
      CASE table_type
        WHEN 'BASE TABLE' THEN 'table'
        WHEN 'VIEW' THEN 'view'
        WHEN 'LOCAL TEMPORARY' THEN 'table'
        END as type
    from system.information_schema.tables
    where lower(table_schema) = 'main_staging'
    and lower(table_catalog) = 'duckdb-local'
  
[0m03:28:18.193817 [debug] [ThreadPool]: SQL status: OK in 0.000 seconds
[0m03:28:18.194178 [debug] [ThreadPool]: On list_duckdb-local_main_staging: ROLLBACK
[0m03:28:18.194341 [debug] [ThreadPool]: Failed to rollback 'list_duckdb-local_main_staging'
[0m03:28:18.194430 [debug] [ThreadPool]: On list_duckdb-local_main_staging: Close
[0m03:28:18.194695 [debug] [MainThread]: Sending event: {'category': 'dbt', 'action': 'runnable_timing', 'label': '7e9f1702-a26c-47a6-bdbc-0f067770bc94', 'context': [<snowplow_tracker.self_describing_json.SelfDescribingJson object at 0xffff998257f0>]}
[0m03:28:18.194876 [debug] [MainThread]: Using duckdb connection "master"
[0m03:28:18.194978 [debug] [MainThread]: On master: BEGIN
[0m03:28:18.195065 [debug] [MainThread]: Opening a new connection, currently in state init
[0m03:28:18.195231 [debug] [MainThread]: SQL status: OK in 0.000 seconds
[0m03:28:18.195317 [debug] [MainThread]: On master: COMMIT
[0m03:28:18.195403 [debug] [MainThread]: Using duckdb connection "master"
[0m03:28:18.195488 [debug] [MainThread]: On master: COMMIT
[0m03:28:18.195634 [debug] [MainThread]: SQL status: OK in 0.000 seconds
[0m03:28:18.195728 [debug] [MainThread]: On master: Close
[0m03:28:18.197178 [debug] [Thread-1 (]: Began running node model.duckdb_local.stg_order_line_items
[0m03:28:18.197343 [info ] [Thread-1 (]: 1 of 12 START sql view model main_staging.stg_order_line_items ................. [RUN]
[0m03:28:18.197506 [debug] [Thread-1 (]: Re-using an available connection from the pool (formerly list_duckdb-local_main_staging, now model.duckdb_local.stg_order_line_items)
[0m03:28:18.197640 [debug] [Thread-1 (]: Began compiling node model.duckdb_local.stg_order_line_items
[0m03:28:18.199808 [debug] [Thread-1 (]: Writing injected SQL for node "model.duckdb_local.stg_order_line_items"
[0m03:28:18.200017 [debug] [Thread-1 (]: Began executing node model.duckdb_local.stg_order_line_items
[0m03:28:18.210072 [debug] [Thread-1 (]: Writing runtime sql for node "model.duckdb_local.stg_order_line_items"
[0m03:28:18.210321 [debug] [Thread-1 (]: Using duckdb connection "model.duckdb_local.stg_order_line_items"
[0m03:28:18.210451 [debug] [Thread-1 (]: On model.duckdb_local.stg_order_line_items: BEGIN
[0m03:28:18.210566 [debug] [Thread-1 (]: Opening a new connection, currently in state closed
[0m03:28:18.210881 [debug] [Thread-1 (]: SQL status: OK in 0.000 seconds
[0m03:28:18.210992 [debug] [Thread-1 (]: Using duckdb connection "model.duckdb_local.stg_order_line_items"
[0m03:28:18.211109 [debug] [Thread-1 (]: On model.duckdb_local.stg_order_line_items: /* {"app": "dbt", "dbt_version": "1.12.0", "profile_name": "duckdb_local", "target_name": "dev", "node_id": "model.duckdb_local.stg_order_line_items"} */

  
  create view "duckdb-local"."main_staging"."stg_order_line_items__dbt_tmp" as (
    -- stg_order_line_items: one row per order line-item event.
-- Light rename/cast from the seed — no business logic.

SELECT
    order_id,
    line_item_id,
    product_id,
    revenue::DECIMAL(10,2) AS revenue,
    quantity::INTEGER AS quantity,
    unit_price::DECIMAL(10,2) AS unit_price,
    customer_id,
    event_timestamp::TIMESTAMP AS event_timestamp
FROM "duckdb-local"."main"."raw_order_line_items"
  );

[0m03:28:18.211483 [debug] [Thread-1 (]: SQL status: OK in 0.000 seconds
[0m03:28:18.213240 [debug] [Thread-1 (]: Using duckdb connection "model.duckdb_local.stg_order_line_items"
[0m03:28:18.213370 [debug] [Thread-1 (]: On model.duckdb_local.stg_order_line_items: /* {"app": "dbt", "dbt_version": "1.12.0", "profile_name": "duckdb_local", "target_name": "dev", "node_id": "model.duckdb_local.stg_order_line_items"} */
alter view "duckdb-local"."main_staging"."stg_order_line_items__dbt_tmp" rename to "stg_order_line_items"
[0m03:28:18.213586 [debug] [Thread-1 (]: SQL status: OK in 0.000 seconds
[0m03:28:18.217474 [debug] [Thread-1 (]: On model.duckdb_local.stg_order_line_items: COMMIT
[0m03:28:18.217619 [debug] [Thread-1 (]: Using duckdb connection "model.duckdb_local.stg_order_line_items"
[0m03:28:18.217727 [debug] [Thread-1 (]: On model.duckdb_local.stg_order_line_items: COMMIT
[0m03:28:18.218436 [debug] [Thread-1 (]: SQL status: OK in 0.001 seconds
[0m03:28:18.220042 [debug] [Thread-1 (]: Using duckdb connection "model.duckdb_local.stg_order_line_items"
[0m03:28:18.220172 [debug] [Thread-1 (]: On model.duckdb_local.stg_order_line_items: /* {"app": "dbt", "dbt_version": "1.12.0", "profile_name": "duckdb_local", "target_name": "dev", "node_id": "model.duckdb_local.stg_order_line_items"} */

      drop view if exists "duckdb-local"."main_staging"."stg_order_line_items__dbt_backup" cascade
    
[0m03:28:18.220378 [debug] [Thread-1 (]: SQL status: OK in 0.000 seconds
[0m03:28:18.221190 [debug] [Thread-1 (]: On model.duckdb_local.stg_order_line_items: Close
[0m03:28:18.221756 [debug] [Thread-1 (]: Sending event: {'category': 'dbt', 'action': 'run_model', 'label': '7e9f1702-a26c-47a6-bdbc-0f067770bc94', 'context': [<snowplow_tracker.self_describing_json.SelfDescribingJson object at 0xffff98ce8ef0>]}
[0m03:28:18.221984 [info ] [Thread-1 (]: 1 of 12 OK created sql view model main_staging.stg_order_line_items ............ [[32mOK[0m in 0.02s]
[0m03:28:18.222184 [debug] [Thread-1 (]: Finished running node model.duckdb_local.stg_order_line_items
[0m03:28:18.222549 [debug] [Thread-1 (]: Began running node test.duckdb_local.not_null_stg_order_line_items_line_item_id.a22861df89
[0m03:28:18.222692 [info ] [Thread-1 (]: 2 of 12 START test not_null_stg_order_line_items_line_item_id .................. [RUN]
[0m03:28:18.222852 [debug] [Thread-1 (]: Re-using an available connection from the pool (formerly model.duckdb_local.stg_order_line_items, now test.duckdb_local.not_null_stg_order_line_items_line_item_id.a22861df89)
[0m03:28:18.222963 [debug] [Thread-1 (]: Began compiling node test.duckdb_local.not_null_stg_order_line_items_line_item_id.a22861df89
[0m03:28:18.227875 [debug] [Thread-1 (]: Writing injected SQL for node "test.duckdb_local.not_null_stg_order_line_items_line_item_id.a22861df89"
[0m03:28:18.228095 [debug] [Thread-1 (]: Began executing node test.duckdb_local.not_null_stg_order_line_items_line_item_id.a22861df89
[0m03:28:18.233753 [debug] [Thread-1 (]: Writing runtime sql for node "test.duckdb_local.not_null_stg_order_line_items_line_item_id.a22861df89"
[0m03:28:18.234061 [debug] [Thread-1 (]: Using duckdb connection "test.duckdb_local.not_null_stg_order_line_items_line_item_id.a22861df89"
[0m03:28:18.234178 [debug] [Thread-1 (]: On test.duckdb_local.not_null_stg_order_line_items_line_item_id.a22861df89: BEGIN
[0m03:28:18.234283 [debug] [Thread-1 (]: Opening a new connection, currently in state closed
[0m03:28:18.234528 [debug] [Thread-1 (]: SQL status: OK in 0.000 seconds
[0m03:28:18.234637 [debug] [Thread-1 (]: Using duckdb connection "test.duckdb_local.not_null_stg_order_line_items_line_item_id.a22861df89"
[0m03:28:18.234750 [debug] [Thread-1 (]: On test.duckdb_local.not_null_stg_order_line_items_line_item_id.a22861df89: /* {"app": "dbt", "dbt_version": "1.12.0", "profile_name": "duckdb_local", "target_name": "dev", "node_id": "test.duckdb_local.not_null_stg_order_line_items_line_item_id.a22861df89"} */

    
    select
      count(*) as failures,
      count(*) != 0 as should_warn,
      count(*) != 0 as should_error
    from (
      
    
  
    
    



select line_item_id
from "duckdb-local"."main_staging"."stg_order_line_items"
where line_item_id is null



  
  
      
    ) dbt_internal_test
[0m03:28:18.236025 [debug] [Thread-1 (]: SQL status: OK in 0.001 seconds
[0m03:28:18.237253 [debug] [Thread-1 (]: On test.duckdb_local.not_null_stg_order_line_items_line_item_id.a22861df89: ROLLBACK
[0m03:28:18.237470 [debug] [Thread-1 (]: Failed to rollback 'test.duckdb_local.not_null_stg_order_line_items_line_item_id.a22861df89'
[0m03:28:18.237587 [debug] [Thread-1 (]: On test.duckdb_local.not_null_stg_order_line_items_line_item_id.a22861df89: Close
[0m03:28:18.237797 [info ] [Thread-1 (]: 2 of 12 PASS not_null_stg_order_line_items_line_item_id ........................ [[32mPASS[0m in 0.01s]
[0m03:28:18.237981 [debug] [Thread-1 (]: Finished running node test.duckdb_local.not_null_stg_order_line_items_line_item_id.a22861df89
[0m03:28:18.238107 [debug] [Thread-1 (]: Began running node test.duckdb_local.not_null_stg_order_line_items_order_id.919e49c4ba
[0m03:28:18.238215 [info ] [Thread-1 (]: 3 of 12 START test not_null_stg_order_line_items_order_id ...................... [RUN]
[0m03:28:18.238380 [debug] [Thread-1 (]: Re-using an available connection from the pool (formerly test.duckdb_local.not_null_stg_order_line_items_line_item_id.a22861df89, now test.duckdb_local.not_null_stg_order_line_items_order_id.919e49c4ba)
[0m03:28:18.238506 [debug] [Thread-1 (]: Began compiling node test.duckdb_local.not_null_stg_order_line_items_order_id.919e49c4ba
[0m03:28:18.240793 [debug] [Thread-1 (]: Writing injected SQL for node "test.duckdb_local.not_null_stg_order_line_items_order_id.919e49c4ba"
[0m03:28:18.241050 [debug] [Thread-1 (]: Began executing node test.duckdb_local.not_null_stg_order_line_items_order_id.919e49c4ba
[0m03:28:18.241577 [debug] [Thread-1 (]: Writing runtime sql for node "test.duckdb_local.not_null_stg_order_line_items_order_id.919e49c4ba"
[0m03:28:18.241737 [debug] [Thread-1 (]: Using duckdb connection "test.duckdb_local.not_null_stg_order_line_items_order_id.919e49c4ba"
[0m03:28:18.241842 [debug] [Thread-1 (]: On test.duckdb_local.not_null_stg_order_line_items_order_id.919e49c4ba: BEGIN
[0m03:28:18.241946 [debug] [Thread-1 (]: Opening a new connection, currently in state closed
[0m03:28:18.242131 [debug] [Thread-1 (]: SQL status: OK in 0.000 seconds
[0m03:28:18.242228 [debug] [Thread-1 (]: Using duckdb connection "test.duckdb_local.not_null_stg_order_line_items_order_id.919e49c4ba"
[0m03:28:18.242325 [debug] [Thread-1 (]: On test.duckdb_local.not_null_stg_order_line_items_order_id.919e49c4ba: /* {"app": "dbt", "dbt_version": "1.12.0", "profile_name": "duckdb_local", "target_name": "dev", "node_id": "test.duckdb_local.not_null_stg_order_line_items_order_id.919e49c4ba"} */

    
    select
      count(*) as failures,
      count(*) != 0 as should_warn,
      count(*) != 0 as should_error
    from (
      
    
  
    
    



select order_id
from "duckdb-local"."main_staging"."stg_order_line_items"
where order_id is null



  
  
      
    ) dbt_internal_test
[0m03:28:18.242704 [debug] [Thread-1 (]: SQL status: OK in 0.000 seconds
[0m03:28:18.243198 [debug] [Thread-1 (]: On test.duckdb_local.not_null_stg_order_line_items_order_id.919e49c4ba: ROLLBACK
[0m03:28:18.243402 [debug] [Thread-1 (]: Failed to rollback 'test.duckdb_local.not_null_stg_order_line_items_order_id.919e49c4ba'
[0m03:28:18.243526 [debug] [Thread-1 (]: On test.duckdb_local.not_null_stg_order_line_items_order_id.919e49c4ba: Close
[0m03:28:18.243712 [info ] [Thread-1 (]: 3 of 12 PASS not_null_stg_order_line_items_order_id ............................ [[32mPASS[0m in 0.01s]
[0m03:28:18.243891 [debug] [Thread-1 (]: Finished running node test.duckdb_local.not_null_stg_order_line_items_order_id.919e49c4ba
[0m03:28:18.244193 [debug] [Thread-1 (]: Began running node model.duckdb_local.fct_order_revenue
[0m03:28:18.244357 [info ] [Thread-1 (]: 4 of 12 START sql table model main_marts.fct_order_revenue ..................... [RUN]
[0m03:28:18.244524 [debug] [Thread-1 (]: Re-using an available connection from the pool (formerly test.duckdb_local.not_null_stg_order_line_items_order_id.919e49c4ba, now model.duckdb_local.fct_order_revenue)
[0m03:28:18.244650 [debug] [Thread-1 (]: Began compiling node model.duckdb_local.fct_order_revenue
[0m03:28:18.245760 [debug] [Thread-1 (]: Writing injected SQL for node "model.duckdb_local.fct_order_revenue"
[0m03:28:18.245946 [debug] [Thread-1 (]: Began executing node model.duckdb_local.fct_order_revenue
[0m03:28:18.252095 [debug] [Thread-1 (]: Writing runtime sql for node "model.duckdb_local.fct_order_revenue"
[0m03:28:18.252388 [debug] [Thread-1 (]: Using duckdb connection "model.duckdb_local.fct_order_revenue"
[0m03:28:18.252514 [debug] [Thread-1 (]: On model.duckdb_local.fct_order_revenue: BEGIN
[0m03:28:18.252620 [debug] [Thread-1 (]: Opening a new connection, currently in state closed
[0m03:28:18.252831 [debug] [Thread-1 (]: SQL status: OK in 0.000 seconds
[0m03:28:18.252936 [debug] [Thread-1 (]: Using duckdb connection "model.duckdb_local.fct_order_revenue"
[0m03:28:18.253058 [debug] [Thread-1 (]: On model.duckdb_local.fct_order_revenue: /* {"app": "dbt", "dbt_version": "1.12.0", "profile_name": "duckdb_local", "target_name": "dev", "node_id": "model.duckdb_local.fct_order_revenue"} */

  
    
    

    create  table
      "duckdb-local"."main_marts"."fct_order_revenue__dbt_tmp"
  
    as (
      -- fct_order_revenue: one row per order with total revenue.
-- Aggregates line-item revenue from stg_order_line_items, handling the
-- real-world pattern where line items for the same order arrive as
-- separate events with different timestamps.

WITH

line_items AS (
    SELECT * FROM "duckdb-local"."main_staging"."stg_order_line_items"
),

-- GROUP BY order_id sums revenue across all line items regardless of arrival timing
final AS (
    SELECT
        order_id,
        SUM(revenue) AS total_revenue,
        COUNT(*)     AS line_item_count,
        CURRENT_TIMESTAMP AS _loaded_at,
        '7e9f1702-a26c-47a6-bdbc-0f067770bc94' AS _dbt_invocation_id,
        'local' AS _git_sha
    FROM line_items
    GROUP BY order_id
)

SELECT * FROM final
    );
  
  
[0m03:28:18.255074 [debug] [Thread-1 (]: SQL status: OK in 0.002 seconds
[0m03:28:18.255720 [debug] [Thread-1 (]: Using duckdb connection "model.duckdb_local.fct_order_revenue"
[0m03:28:18.255825 [debug] [Thread-1 (]: On model.duckdb_local.fct_order_revenue: /* {"app": "dbt", "dbt_version": "1.12.0", "profile_name": "duckdb_local", "target_name": "dev", "node_id": "model.duckdb_local.fct_order_revenue"} */
alter table "duckdb-local"."main_marts"."fct_order_revenue__dbt_tmp" rename to "fct_order_revenue"
[0m03:28:18.256024 [debug] [Thread-1 (]: SQL status: OK in 0.000 seconds
[0m03:28:18.259030 [debug] [Thread-1 (]: On model.duckdb_local.fct_order_revenue: COMMIT
[0m03:28:18.259177 [debug] [Thread-1 (]: Using duckdb connection "model.duckdb_local.fct_order_revenue"
[0m03:28:18.259295 [debug] [Thread-1 (]: On model.duckdb_local.fct_order_revenue: COMMIT
[0m03:28:18.259692 [debug] [Thread-1 (]: SQL status: OK in 0.000 seconds
[0m03:28:18.260173 [debug] [Thread-1 (]: Using duckdb connection "model.duckdb_local.fct_order_revenue"
[0m03:28:18.260298 [debug] [Thread-1 (]: On model.duckdb_local.fct_order_revenue: /* {"app": "dbt", "dbt_version": "1.12.0", "profile_name": "duckdb_local", "target_name": "dev", "node_id": "model.duckdb_local.fct_order_revenue"} */

      drop table if exists "duckdb-local"."main_marts"."fct_order_revenue__dbt_backup" cascade
    
[0m03:28:18.260483 [debug] [Thread-1 (]: SQL status: OK in 0.000 seconds
[0m03:28:18.260926 [debug] [Thread-1 (]: On model.duckdb_local.fct_order_revenue: Close
[0m03:28:18.261140 [debug] [Thread-1 (]: Sending event: {'category': 'dbt', 'action': 'run_model', 'label': '7e9f1702-a26c-47a6-bdbc-0f067770bc94', 'context': [<snowplow_tracker.self_describing_json.SelfDescribingJson object at 0xffff99988ad0>]}
[0m03:28:18.261364 [info ] [Thread-1 (]: 4 of 12 OK created sql table model main_marts.fct_order_revenue ................ [[32mOK[0m in 0.02s]
[0m03:28:18.261558 [debug] [Thread-1 (]: Finished running node model.duckdb_local.fct_order_revenue
[0m03:28:18.261831 [debug] [Thread-1 (]: Began running node test.duckdb_local.assert_fct_order_revenue_git_sha_no_whitespace
[0m03:28:18.261963 [info ] [Thread-1 (]: 5 of 12 START test assert_fct_order_revenue_git_sha_no_whitespace .............. [RUN]
[0m03:28:18.262128 [debug] [Thread-1 (]: Re-using an available connection from the pool (formerly model.duckdb_local.fct_order_revenue, now test.duckdb_local.assert_fct_order_revenue_git_sha_no_whitespace)
[0m03:28:18.262263 [debug] [Thread-1 (]: Began compiling node test.duckdb_local.assert_fct_order_revenue_git_sha_no_whitespace
[0m03:28:18.262922 [debug] [Thread-1 (]: Writing injected SQL for node "test.duckdb_local.assert_fct_order_revenue_git_sha_no_whitespace"
[0m03:28:18.263187 [debug] [Thread-1 (]: Began executing node test.duckdb_local.assert_fct_order_revenue_git_sha_no_whitespace
[0m03:28:18.263691 [debug] [Thread-1 (]: Writing runtime sql for node "test.duckdb_local.assert_fct_order_revenue_git_sha_no_whitespace"
[0m03:28:18.263964 [debug] [Thread-1 (]: Using duckdb connection "test.duckdb_local.assert_fct_order_revenue_git_sha_no_whitespace"
[0m03:28:18.264069 [debug] [Thread-1 (]: On test.duckdb_local.assert_fct_order_revenue_git_sha_no_whitespace: BEGIN
[0m03:28:18.264165 [debug] [Thread-1 (]: Opening a new connection, currently in state closed
[0m03:28:18.264329 [debug] [Thread-1 (]: SQL status: OK in 0.000 seconds
[0m03:28:18.264436 [debug] [Thread-1 (]: Using duckdb connection "test.duckdb_local.assert_fct_order_revenue_git_sha_no_whitespace"
[0m03:28:18.264549 [debug] [Thread-1 (]: On test.duckdb_local.assert_fct_order_revenue_git_sha_no_whitespace: /* {"app": "dbt", "dbt_version": "1.12.0", "profile_name": "duckdb_local", "target_name": "dev", "node_id": "test.duckdb_local.assert_fct_order_revenue_git_sha_no_whitespace"} */

    
    select
      count(*) as failures,
      count(*) != 0 as should_warn,
      count(*) != 0 as should_error
    from (
      
    
  -- Verify _git_sha contains no whitespace characters.
-- A corrupted value like '\n  local\n' would fail this test while
-- passing plain not_null and non-empty checks.

SELECT *
FROM "duckdb-local"."main_marts"."fct_order_revenue"
WHERE _git_sha REGEXP '\s'
  
  
      
    ) dbt_internal_test
[0m03:28:18.265003 [debug] [Thread-1 (]: DuckDB adapter: duckdb error: Parser Error: syntax error at or near "REGEXP"

LINE 17: WHERE _git_sha REGEXP '\s'
                        ^
[0m03:28:18.265123 [debug] [Thread-1 (]: DuckDB adapter: Error running SQL: /* {"app": "dbt", "dbt_version": "1.12.0", "profile_name": "duckdb_local", "target_name": "dev", "node_id": "test.duckdb_local.assert_fct_order_revenue_git_sha_no_whitespace"} */

    
    select
      count(*) as failures,
      count(*) != 0 as should_warn,
      count(*) != 0 as should_error
    from (
      
    
  -- Verify _git_sha contains no whitespace characters.
-- A corrupted value like '\n  local\n' would fail this test while
-- passing plain not_null and non-empty checks.

SELECT *
FROM "duckdb-local"."main_marts"."fct_order_revenue"
WHERE _git_sha REGEXP '\s'
  
  
      
    ) dbt_internal_test
[0m03:28:18.265228 [debug] [Thread-1 (]: DuckDB adapter: Rolling back transaction.
[0m03:28:18.265329 [debug] [Thread-1 (]: On test.duckdb_local.assert_fct_order_revenue_git_sha_no_whitespace: ROLLBACK
[0m03:28:18.265816 [debug] [Thread-1 (]: Failed to rollback 'test.duckdb_local.assert_fct_order_revenue_git_sha_no_whitespace'
[0m03:28:18.265973 [debug] [Thread-1 (]: On test.duckdb_local.assert_fct_order_revenue_git_sha_no_whitespace: Close
[0m03:28:18.267816 [debug] [Thread-1 (]: Runtime Error in test assert_fct_order_revenue_git_sha_no_whitespace (tests/assert_fct_order_revenue_git_sha_no_whitespace.sql)
  Parser Error: syntax error at or near "REGEXP"
  
  LINE 17: WHERE _git_sha REGEXP '\s'
                          ^
[0m03:28:18.267981 [error] [Thread-1 (]: 5 of 12 ERROR assert_fct_order_revenue_git_sha_no_whitespace ................... [[31mERROR[0m in 0.01s]
[0m03:28:18.268159 [debug] [Thread-1 (]: Finished running node test.duckdb_local.assert_fct_order_revenue_git_sha_no_whitespace
[0m03:28:18.268283 [debug] [Thread-1 (]: Began running node test.duckdb_local.not_null_fct_order_revenue__dbt_invocation_id.8cda916a95
[0m03:28:18.268397 [info ] [Thread-1 (]: 6 of 12 START test not_null_fct_order_revenue__dbt_invocation_id ............... [RUN]
[0m03:28:18.268562 [debug] [Thread-1 (]: Re-using an available connection from the pool (formerly test.duckdb_local.assert_fct_order_revenue_git_sha_no_whitespace, now test.duckdb_local.not_null_fct_order_revenue__dbt_invocation_id.8cda916a95)
[0m03:28:18.268678 [debug] [Thread-1 (]: Began compiling node test.duckdb_local.not_null_fct_order_revenue__dbt_invocation_id.8cda916a95
[0m03:28:18.270842 [debug] [Thread-1 (]: Writing injected SQL for node "test.duckdb_local.not_null_fct_order_revenue__dbt_invocation_id.8cda916a95"
[0m03:28:18.271034 [debug] [Thread-4 (]: Marking all children of 'test.duckdb_local.assert_fct_order_revenue_git_sha_no_whitespace' to be skipped because of status 'error'.  Reason: Runtime Error in test assert_fct_order_revenue_git_sha_no_whitespace (tests/assert_fct_order_revenue_git_sha_no_whitespace.sql)
  Parser Error: syntax error at or near "REGEXP"
  
  LINE 17: WHERE _git_sha REGEXP '\s'
                          ^.
[0m03:28:18.271321 [debug] [Thread-1 (]: Began executing node test.duckdb_local.not_null_fct_order_revenue__dbt_invocation_id.8cda916a95
[0m03:28:18.271809 [debug] [Thread-1 (]: Writing runtime sql for node "test.duckdb_local.not_null_fct_order_revenue__dbt_invocation_id.8cda916a95"
[0m03:28:18.272038 [debug] [Thread-1 (]: Using duckdb connection "test.duckdb_local.not_null_fct_order_revenue__dbt_invocation_id.8cda916a95"
[0m03:28:18.272149 [debug] [Thread-1 (]: On test.duckdb_local.not_null_fct_order_revenue__dbt_invocation_id.8cda916a95: BEGIN
[0m03:28:18.272252 [debug] [Thread-1 (]: Opening a new connection, currently in state closed
[0m03:28:18.272417 [debug] [Thread-1 (]: SQL status: OK in 0.000 seconds
[0m03:28:18.272527 [debug] [Thread-1 (]: Using duckdb connection "test.duckdb_local.not_null_fct_order_revenue__dbt_invocation_id.8cda916a95"
[0m03:28:18.272640 [debug] [Thread-1 (]: On test.duckdb_local.not_null_fct_order_revenue__dbt_invocation_id.8cda916a95: /* {"app": "dbt", "dbt_version": "1.12.0", "profile_name": "duckdb_local", "target_name": "dev", "node_id": "test.duckdb_local.not_null_fct_order_revenue__dbt_invocation_id.8cda916a95"} */

    
    select
      count(*) as failures,
      count(*) != 0 as should_warn,
      count(*) != 0 as should_error
    from (
      
    
  
    
    



select _dbt_invocation_id
from "duckdb-local"."main_marts"."fct_order_revenue"
where _dbt_invocation_id is null



  
  
      
    ) dbt_internal_test
[0m03:28:18.273002 [debug] [Thread-1 (]: SQL status: OK in 0.000 seconds
[0m03:28:18.273503 [debug] [Thread-1 (]: On test.duckdb_local.not_null_fct_order_revenue__dbt_invocation_id.8cda916a95: ROLLBACK
[0m03:28:18.273698 [debug] [Thread-1 (]: Failed to rollback 'test.duckdb_local.not_null_fct_order_revenue__dbt_invocation_id.8cda916a95'
[0m03:28:18.273803 [debug] [Thread-1 (]: On test.duckdb_local.not_null_fct_order_revenue__dbt_invocation_id.8cda916a95: Close
[0m03:28:18.273975 [info ] [Thread-1 (]: 6 of 12 PASS not_null_fct_order_revenue__dbt_invocation_id ..................... [[32mPASS[0m in 0.01s]
[0m03:28:18.274142 [debug] [Thread-1 (]: Finished running node test.duckdb_local.not_null_fct_order_revenue__dbt_invocation_id.8cda916a95
[0m03:28:18.274260 [debug] [Thread-1 (]: Began running node test.duckdb_local.not_null_fct_order_revenue__git_sha.644d0603b5
[0m03:28:18.274365 [info ] [Thread-1 (]: 7 of 12 START test not_null_fct_order_revenue__git_sha ......................... [RUN]
[0m03:28:18.274522 [debug] [Thread-1 (]: Re-using an available connection from the pool (formerly test.duckdb_local.not_null_fct_order_revenue__dbt_invocation_id.8cda916a95, now test.duckdb_local.not_null_fct_order_revenue__git_sha.644d0603b5)
[0m03:28:18.274643 [debug] [Thread-1 (]: Began compiling node test.duckdb_local.not_null_fct_order_revenue__git_sha.644d0603b5
[0m03:28:18.276639 [debug] [Thread-1 (]: Writing injected SQL for node "test.duckdb_local.not_null_fct_order_revenue__git_sha.644d0603b5"
[0m03:28:18.276863 [debug] [Thread-1 (]: Began executing node test.duckdb_local.not_null_fct_order_revenue__git_sha.644d0603b5
[0m03:28:18.277401 [debug] [Thread-1 (]: Writing runtime sql for node "test.duckdb_local.not_null_fct_order_revenue__git_sha.644d0603b5"
[0m03:28:18.277690 [debug] [Thread-1 (]: Using duckdb connection "test.duckdb_local.not_null_fct_order_revenue__git_sha.644d0603b5"
[0m03:28:18.277813 [debug] [Thread-1 (]: On test.duckdb_local.not_null_fct_order_revenue__git_sha.644d0603b5: BEGIN
[0m03:28:18.277917 [debug] [Thread-1 (]: Opening a new connection, currently in state closed
[0m03:28:18.278142 [debug] [Thread-1 (]: SQL status: OK in 0.000 seconds
[0m03:28:18.278245 [debug] [Thread-1 (]: Using duckdb connection "test.duckdb_local.not_null_fct_order_revenue__git_sha.644d0603b5"
[0m03:28:18.278351 [debug] [Thread-1 (]: On test.duckdb_local.not_null_fct_order_revenue__git_sha.644d0603b5: /* {"app": "dbt", "dbt_version": "1.12.0", "profile_name": "duckdb_local", "target_name": "dev", "node_id": "test.duckdb_local.not_null_fct_order_revenue__git_sha.644d0603b5"} */

    
    select
      count(*) as failures,
      count(*) != 0 as should_warn,
      count(*) != 0 as should_error
    from (
      
    
  
    
    



select _git_sha
from "duckdb-local"."main_marts"."fct_order_revenue"
where _git_sha is null



  
  
      
    ) dbt_internal_test
[0m03:28:18.278683 [debug] [Thread-1 (]: SQL status: OK in 0.000 seconds
[0m03:28:18.279211 [debug] [Thread-1 (]: On test.duckdb_local.not_null_fct_order_revenue__git_sha.644d0603b5: ROLLBACK
[0m03:28:18.279431 [debug] [Thread-1 (]: Failed to rollback 'test.duckdb_local.not_null_fct_order_revenue__git_sha.644d0603b5'
[0m03:28:18.279554 [debug] [Thread-1 (]: On test.duckdb_local.not_null_fct_order_revenue__git_sha.644d0603b5: Close
[0m03:28:18.279772 [info ] [Thread-1 (]: 7 of 12 PASS not_null_fct_order_revenue__git_sha ............................... [[32mPASS[0m in 0.01s]
[0m03:28:18.279953 [debug] [Thread-1 (]: Finished running node test.duckdb_local.not_null_fct_order_revenue__git_sha.644d0603b5
[0m03:28:18.280082 [debug] [Thread-1 (]: Began running node test.duckdb_local.not_null_fct_order_revenue__loaded_at.26c3dd068a
[0m03:28:18.280200 [info ] [Thread-1 (]: 8 of 12 START test not_null_fct_order_revenue__loaded_at ....................... [RUN]
[0m03:28:18.280354 [debug] [Thread-1 (]: Re-using an available connection from the pool (formerly test.duckdb_local.not_null_fct_order_revenue__git_sha.644d0603b5, now test.duckdb_local.not_null_fct_order_revenue__loaded_at.26c3dd068a)
[0m03:28:18.280472 [debug] [Thread-1 (]: Began compiling node test.duckdb_local.not_null_fct_order_revenue__loaded_at.26c3dd068a
[0m03:28:18.282912 [debug] [Thread-1 (]: Writing injected SQL for node "test.duckdb_local.not_null_fct_order_revenue__loaded_at.26c3dd068a"
[0m03:28:18.283202 [debug] [Thread-1 (]: Began executing node test.duckdb_local.not_null_fct_order_revenue__loaded_at.26c3dd068a
[0m03:28:18.283762 [debug] [Thread-1 (]: Writing runtime sql for node "test.duckdb_local.not_null_fct_order_revenue__loaded_at.26c3dd068a"
[0m03:28:18.283967 [debug] [Thread-1 (]: Using duckdb connection "test.duckdb_local.not_null_fct_order_revenue__loaded_at.26c3dd068a"
[0m03:28:18.284082 [debug] [Thread-1 (]: On test.duckdb_local.not_null_fct_order_revenue__loaded_at.26c3dd068a: BEGIN
[0m03:28:18.284184 [debug] [Thread-1 (]: Opening a new connection, currently in state closed
[0m03:28:18.284453 [debug] [Thread-1 (]: SQL status: OK in 0.000 seconds
[0m03:28:18.284567 [debug] [Thread-1 (]: Using duckdb connection "test.duckdb_local.not_null_fct_order_revenue__loaded_at.26c3dd068a"
[0m03:28:18.284674 [debug] [Thread-1 (]: On test.duckdb_local.not_null_fct_order_revenue__loaded_at.26c3dd068a: /* {"app": "dbt", "dbt_version": "1.12.0", "profile_name": "duckdb_local", "target_name": "dev", "node_id": "test.duckdb_local.not_null_fct_order_revenue__loaded_at.26c3dd068a"} */

    
    select
      count(*) as failures,
      count(*) != 0 as should_warn,
      count(*) != 0 as should_error
    from (
      
    
  
    
    



select _loaded_at
from "duckdb-local"."main_marts"."fct_order_revenue"
where _loaded_at is null



  
  
      
    ) dbt_internal_test
[0m03:28:18.285043 [debug] [Thread-1 (]: SQL status: OK in 0.000 seconds
[0m03:28:18.286545 [debug] [Thread-1 (]: On test.duckdb_local.not_null_fct_order_revenue__loaded_at.26c3dd068a: ROLLBACK
[0m03:28:18.286981 [debug] [Thread-1 (]: Failed to rollback 'test.duckdb_local.not_null_fct_order_revenue__loaded_at.26c3dd068a'
[0m03:28:18.287402 [debug] [Thread-1 (]: On test.duckdb_local.not_null_fct_order_revenue__loaded_at.26c3dd068a: Close
[0m03:28:18.287970 [info ] [Thread-1 (]: 8 of 12 PASS not_null_fct_order_revenue__loaded_at ............................. [[32mPASS[0m in 0.01s]
[0m03:28:18.288482 [debug] [Thread-1 (]: Finished running node test.duckdb_local.not_null_fct_order_revenue__loaded_at.26c3dd068a
[0m03:28:18.288840 [debug] [Thread-1 (]: Began running node test.duckdb_local.not_null_fct_order_revenue_line_item_count.9736dca1c8
[0m03:28:18.288987 [info ] [Thread-1 (]: 9 of 12 START test not_null_fct_order_revenue_line_item_count .................. [RUN]
[0m03:28:18.289152 [debug] [Thread-1 (]: Re-using an available connection from the pool (formerly test.duckdb_local.not_null_fct_order_revenue__loaded_at.26c3dd068a, now test.duckdb_local.not_null_fct_order_revenue_line_item_count.9736dca1c8)
[0m03:28:18.289270 [debug] [Thread-1 (]: Began compiling node test.duckdb_local.not_null_fct_order_revenue_line_item_count.9736dca1c8
[0m03:28:18.291764 [debug] [Thread-1 (]: Writing injected SQL for node "test.duckdb_local.not_null_fct_order_revenue_line_item_count.9736dca1c8"
[0m03:28:18.292085 [debug] [Thread-1 (]: Began executing node test.duckdb_local.not_null_fct_order_revenue_line_item_count.9736dca1c8
[0m03:28:18.292673 [debug] [Thread-1 (]: Writing runtime sql for node "test.duckdb_local.not_null_fct_order_revenue_line_item_count.9736dca1c8"
[0m03:28:18.292886 [debug] [Thread-1 (]: Using duckdb connection "test.duckdb_local.not_null_fct_order_revenue_line_item_count.9736dca1c8"
[0m03:28:18.292998 [debug] [Thread-1 (]: On test.duckdb_local.not_null_fct_order_revenue_line_item_count.9736dca1c8: BEGIN
[0m03:28:18.293100 [debug] [Thread-1 (]: Opening a new connection, currently in state closed
[0m03:28:18.293390 [debug] [Thread-1 (]: SQL status: OK in 0.000 seconds
[0m03:28:18.293497 [debug] [Thread-1 (]: Using duckdb connection "test.duckdb_local.not_null_fct_order_revenue_line_item_count.9736dca1c8"
[0m03:28:18.293612 [debug] [Thread-1 (]: On test.duckdb_local.not_null_fct_order_revenue_line_item_count.9736dca1c8: /* {"app": "dbt", "dbt_version": "1.12.0", "profile_name": "duckdb_local", "target_name": "dev", "node_id": "test.duckdb_local.not_null_fct_order_revenue_line_item_count.9736dca1c8"} */

    
    select
      count(*) as failures,
      count(*) != 0 as should_warn,
      count(*) != 0 as should_error
    from (
      
    
  
    
    



select line_item_count
from "duckdb-local"."main_marts"."fct_order_revenue"
where line_item_count is null



  
  
      
    ) dbt_internal_test
[0m03:28:18.294013 [debug] [Thread-1 (]: SQL status: OK in 0.000 seconds
[0m03:28:18.294589 [debug] [Thread-1 (]: On test.duckdb_local.not_null_fct_order_revenue_line_item_count.9736dca1c8: ROLLBACK
[0m03:28:18.294822 [debug] [Thread-1 (]: Failed to rollback 'test.duckdb_local.not_null_fct_order_revenue_line_item_count.9736dca1c8'
[0m03:28:18.294935 [debug] [Thread-1 (]: On test.duckdb_local.not_null_fct_order_revenue_line_item_count.9736dca1c8: Close
[0m03:28:18.295153 [info ] [Thread-1 (]: 9 of 12 PASS not_null_fct_order_revenue_line_item_count ........................ [[32mPASS[0m in 0.01s]
[0m03:28:18.295336 [debug] [Thread-1 (]: Finished running node test.duckdb_local.not_null_fct_order_revenue_line_item_count.9736dca1c8
[0m03:28:18.295466 [debug] [Thread-1 (]: Began running node test.duckdb_local.not_null_fct_order_revenue_order_id.c968a86ebb
[0m03:28:18.295593 [info ] [Thread-1 (]: 10 of 12 START test not_null_fct_order_revenue_order_id ........................ [RUN]
[0m03:28:18.295755 [debug] [Thread-1 (]: Re-using an available connection from the pool (formerly test.duckdb_local.not_null_fct_order_revenue_line_item_count.9736dca1c8, now test.duckdb_local.not_null_fct_order_revenue_order_id.c968a86ebb)
[0m03:28:18.295888 [debug] [Thread-1 (]: Began compiling node test.duckdb_local.not_null_fct_order_revenue_order_id.c968a86ebb
[0m03:28:18.298468 [debug] [Thread-1 (]: Writing injected SQL for node "test.duckdb_local.not_null_fct_order_revenue_order_id.c968a86ebb"
[0m03:28:18.298804 [debug] [Thread-1 (]: Began executing node test.duckdb_local.not_null_fct_order_revenue_order_id.c968a86ebb
[0m03:28:18.299362 [debug] [Thread-1 (]: Writing runtime sql for node "test.duckdb_local.not_null_fct_order_revenue_order_id.c968a86ebb"
[0m03:28:18.299593 [debug] [Thread-1 (]: Using duckdb connection "test.duckdb_local.not_null_fct_order_revenue_order_id.c968a86ebb"
[0m03:28:18.299710 [debug] [Thread-1 (]: On test.duckdb_local.not_null_fct_order_revenue_order_id.c968a86ebb: BEGIN
[0m03:28:18.299813 [debug] [Thread-1 (]: Opening a new connection, currently in state closed
[0m03:28:18.300126 [debug] [Thread-1 (]: SQL status: OK in 0.000 seconds
[0m03:28:18.300232 [debug] [Thread-1 (]: Using duckdb connection "test.duckdb_local.not_null_fct_order_revenue_order_id.c968a86ebb"
[0m03:28:18.300340 [debug] [Thread-1 (]: On test.duckdb_local.not_null_fct_order_revenue_order_id.c968a86ebb: /* {"app": "dbt", "dbt_version": "1.12.0", "profile_name": "duckdb_local", "target_name": "dev", "node_id": "test.duckdb_local.not_null_fct_order_revenue_order_id.c968a86ebb"} */

    
    select
      count(*) as failures,
      count(*) != 0 as should_warn,
      count(*) != 0 as should_error
    from (
      
    
  
    
    



select order_id
from "duckdb-local"."main_marts"."fct_order_revenue"
where order_id is null



  
  
      
    ) dbt_internal_test
[0m03:28:18.300768 [debug] [Thread-1 (]: SQL status: OK in 0.000 seconds
[0m03:28:18.301311 [debug] [Thread-1 (]: On test.duckdb_local.not_null_fct_order_revenue_order_id.c968a86ebb: ROLLBACK
[0m03:28:18.301547 [debug] [Thread-1 (]: Failed to rollback 'test.duckdb_local.not_null_fct_order_revenue_order_id.c968a86ebb'
[0m03:28:18.301664 [debug] [Thread-1 (]: On test.duckdb_local.not_null_fct_order_revenue_order_id.c968a86ebb: Close
[0m03:28:18.301878 [info ] [Thread-1 (]: 10 of 12 PASS not_null_fct_order_revenue_order_id .............................. [[32mPASS[0m in 0.01s]
[0m03:28:18.302058 [debug] [Thread-1 (]: Finished running node test.duckdb_local.not_null_fct_order_revenue_order_id.c968a86ebb
[0m03:28:18.302194 [debug] [Thread-1 (]: Began running node test.duckdb_local.not_null_fct_order_revenue_total_revenue.7a3a0f8ee4
[0m03:28:18.302311 [info ] [Thread-1 (]: 11 of 12 START test not_null_fct_order_revenue_total_revenue ................... [RUN]
[0m03:28:18.302472 [debug] [Thread-1 (]: Re-using an available connection from the pool (formerly test.duckdb_local.not_null_fct_order_revenue_order_id.c968a86ebb, now test.duckdb_local.not_null_fct_order_revenue_total_revenue.7a3a0f8ee4)
[0m03:28:18.302608 [debug] [Thread-1 (]: Began compiling node test.duckdb_local.not_null_fct_order_revenue_total_revenue.7a3a0f8ee4
[0m03:28:18.304710 [debug] [Thread-1 (]: Writing injected SQL for node "test.duckdb_local.not_null_fct_order_revenue_total_revenue.7a3a0f8ee4"
[0m03:28:18.304950 [debug] [Thread-1 (]: Began executing node test.duckdb_local.not_null_fct_order_revenue_total_revenue.7a3a0f8ee4
[0m03:28:18.305484 [debug] [Thread-1 (]: Writing runtime sql for node "test.duckdb_local.not_null_fct_order_revenue_total_revenue.7a3a0f8ee4"
[0m03:28:18.305718 [debug] [Thread-1 (]: Using duckdb connection "test.duckdb_local.not_null_fct_order_revenue_total_revenue.7a3a0f8ee4"
[0m03:28:18.305826 [debug] [Thread-1 (]: On test.duckdb_local.not_null_fct_order_revenue_total_revenue.7a3a0f8ee4: BEGIN
[0m03:28:18.305927 [debug] [Thread-1 (]: Opening a new connection, currently in state closed
[0m03:28:18.306189 [debug] [Thread-1 (]: SQL status: OK in 0.000 seconds
[0m03:28:18.306289 [debug] [Thread-1 (]: Using duckdb connection "test.duckdb_local.not_null_fct_order_revenue_total_revenue.7a3a0f8ee4"
[0m03:28:18.306393 [debug] [Thread-1 (]: On test.duckdb_local.not_null_fct_order_revenue_total_revenue.7a3a0f8ee4: /* {"app": "dbt", "dbt_version": "1.12.0", "profile_name": "duckdb_local", "target_name": "dev", "node_id": "test.duckdb_local.not_null_fct_order_revenue_total_revenue.7a3a0f8ee4"} */

    
    select
      count(*) as failures,
      count(*) != 0 as should_warn,
      count(*) != 0 as should_error
    from (
      
    
  
    
    



select total_revenue
from "duckdb-local"."main_marts"."fct_order_revenue"
where total_revenue is null



  
  
      
    ) dbt_internal_test
[0m03:28:18.306751 [debug] [Thread-1 (]: SQL status: OK in 0.000 seconds
[0m03:28:18.307252 [debug] [Thread-1 (]: On test.duckdb_local.not_null_fct_order_revenue_total_revenue.7a3a0f8ee4: ROLLBACK
[0m03:28:18.307455 [debug] [Thread-1 (]: Failed to rollback 'test.duckdb_local.not_null_fct_order_revenue_total_revenue.7a3a0f8ee4'
[0m03:28:18.307575 [debug] [Thread-1 (]: On test.duckdb_local.not_null_fct_order_revenue_total_revenue.7a3a0f8ee4: Close
[0m03:28:18.307761 [info ] [Thread-1 (]: 11 of 12 PASS not_null_fct_order_revenue_total_revenue ......................... [[32mPASS[0m in 0.01s]
[0m03:28:18.307927 [debug] [Thread-1 (]: Finished running node test.duckdb_local.not_null_fct_order_revenue_total_revenue.7a3a0f8ee4
[0m03:28:18.308045 [debug] [Thread-1 (]: Began running node test.duckdb_local.unique_fct_order_revenue_order_id.fc2c4ae7e0
[0m03:28:18.308162 [info ] [Thread-1 (]: 12 of 12 START test unique_fct_order_revenue_order_id .......................... [RUN]
[0m03:28:18.308310 [debug] [Thread-1 (]: Re-using an available connection from the pool (formerly test.duckdb_local.not_null_fct_order_revenue_total_revenue.7a3a0f8ee4, now test.duckdb_local.unique_fct_order_revenue_order_id.fc2c4ae7e0)
[0m03:28:18.308422 [debug] [Thread-1 (]: Began compiling node test.duckdb_local.unique_fct_order_revenue_order_id.fc2c4ae7e0
[0m03:28:18.311350 [debug] [Thread-1 (]: Writing injected SQL for node "test.duckdb_local.unique_fct_order_revenue_order_id.fc2c4ae7e0"
[0m03:28:18.311582 [debug] [Thread-1 (]: Began executing node test.duckdb_local.unique_fct_order_revenue_order_id.fc2c4ae7e0
[0m03:28:18.312072 [debug] [Thread-1 (]: Writing runtime sql for node "test.duckdb_local.unique_fct_order_revenue_order_id.fc2c4ae7e0"
[0m03:28:18.312269 [debug] [Thread-1 (]: Using duckdb connection "test.duckdb_local.unique_fct_order_revenue_order_id.fc2c4ae7e0"
[0m03:28:18.312377 [debug] [Thread-1 (]: On test.duckdb_local.unique_fct_order_revenue_order_id.fc2c4ae7e0: BEGIN
[0m03:28:18.312478 [debug] [Thread-1 (]: Opening a new connection, currently in state closed
[0m03:28:18.312706 [debug] [Thread-1 (]: SQL status: OK in 0.000 seconds
[0m03:28:18.312809 [debug] [Thread-1 (]: Using duckdb connection "test.duckdb_local.unique_fct_order_revenue_order_id.fc2c4ae7e0"
[0m03:28:18.312913 [debug] [Thread-1 (]: On test.duckdb_local.unique_fct_order_revenue_order_id.fc2c4ae7e0: /* {"app": "dbt", "dbt_version": "1.12.0", "profile_name": "duckdb_local", "target_name": "dev", "node_id": "test.duckdb_local.unique_fct_order_revenue_order_id.fc2c4ae7e0"} */

    
    select
      count(*) as failures,
      count(*) != 0 as should_warn,
      count(*) != 0 as should_error
    from (
      
    
  
    
    

select
    order_id as unique_field,
    count(*) as n_records

from "duckdb-local"."main_marts"."fct_order_revenue"
where order_id is not null
group by order_id
having count(*) > 1



  
  
      
    ) dbt_internal_test
[0m03:28:18.313366 [debug] [Thread-1 (]: SQL status: OK in 0.000 seconds
[0m03:28:18.313875 [debug] [Thread-1 (]: On test.duckdb_local.unique_fct_order_revenue_order_id.fc2c4ae7e0: ROLLBACK
[0m03:28:18.314080 [debug] [Thread-1 (]: Failed to rollback 'test.duckdb_local.unique_fct_order_revenue_order_id.fc2c4ae7e0'
[0m03:28:18.314186 [debug] [Thread-1 (]: On test.duckdb_local.unique_fct_order_revenue_order_id.fc2c4ae7e0: Close
[0m03:28:18.314376 [info ] [Thread-1 (]: 12 of 12 PASS unique_fct_order_revenue_order_id ................................ [[32mPASS[0m in 0.01s]
[0m03:28:18.314559 [debug] [Thread-1 (]: Finished running node test.duckdb_local.unique_fct_order_revenue_order_id.fc2c4ae7e0
[0m03:28:18.315092 [debug] [MainThread]: Using duckdb connection "master"
[0m03:28:18.315202 [debug] [MainThread]: On master: BEGIN
[0m03:28:18.315290 [debug] [MainThread]: Opening a new connection, currently in state closed
[0m03:28:18.315473 [debug] [MainThread]: SQL status: OK in 0.000 seconds
[0m03:28:18.315577 [debug] [MainThread]: On master: COMMIT
[0m03:28:18.315663 [debug] [MainThread]: Using duckdb connection "master"
[0m03:28:18.315743 [debug] [MainThread]: On master: COMMIT
[0m03:28:18.315870 [debug] [MainThread]: SQL status: OK in 0.000 seconds
[0m03:28:18.315962 [debug] [MainThread]: On master: Close
[0m03:28:18.316095 [debug] [MainThread]: Connection 'master' was properly closed.
[0m03:28:18.316185 [debug] [MainThread]: Connection 'test.duckdb_local.unique_fct_order_revenue_order_id.fc2c4ae7e0' was properly closed.
[0m03:28:18.316297 [info ] [MainThread]: 
[0m03:28:18.316406 [info ] [MainThread]: Finished running 1 table model, 10 data tests, 1 view model in 0 hours 0 minutes and 0.16 seconds (0.16s).
[0m03:28:18.316983 [debug] [MainThread]: Command end result
[0m03:28:18.331419 [debug] [MainThread]: Wrote artifact WritableManifest to /workspace/transformation/target/manifest.json
[0m03:28:18.332432 [debug] [MainThread]: Wrote artifact SemanticManifest to /workspace/transformation/target/semantic_manifest.json
[0m03:28:18.333359 [debug] [MainThread]: Wrote artifact OsiDocument to /workspace/transformation/target/osi_document.json
[0m03:28:18.336253 [debug] [MainThread]: Wrote artifact RunExecutionResult to /workspace/transformation/target/run_results.json
[0m03:28:18.336388 [info ] [MainThread]: 
[0m03:28:18.336538 [info ] [MainThread]: [31mCompleted with 1 error, 0 partial successes, and 0 warnings:[0m
[0m03:28:18.336656 [info ] [MainThread]: 
[0m03:28:18.336787 [error] [MainThread]: [[31mERROR[0m]: in test assert_fct_order_revenue_git_sha_no_whitespace (tests/assert_fct_order_revenue_git_sha_no_whitespace.sql)
[0m03:28:18.336922 [error] [MainThread]:   Runtime Error in test assert_fct_order_revenue_git_sha_no_whitespace (tests/assert_fct_order_revenue_git_sha_no_whitespace.sql)
  Parser Error: syntax error at or near "REGEXP"
  
  LINE 17: WHERE _git_sha REGEXP '\s'
                          ^
[0m03:28:18.337026 [info ] [MainThread]: 
[0m03:28:18.337141 [info ] [MainThread]:   compiled code at target/compiled/duckdb_local/tests/assert_fct_order_revenue_git_sha_no_whitespace.sql
[0m03:28:18.337243 [info ] [MainThread]: 
[0m03:28:18.337356 [info ] [MainThread]: Done. PASS=11 WARN=0 ERROR=1 SKIP=0 NO-OP=0 REUSED=0 TOTAL=12
[0m03:28:18.337744 [debug] [MainThread]: Resource report: {"command_name": "build", "command_success": false, "command_wall_clock_time": 0.48846704, "process_in_blocks": "2120", "process_kernel_time": 0.031049, "process_mem_max_rss": "183004", "process_out_blocks": "3436", "process_user_time": 0.976546}
[0m03:28:18.337913 [debug] [MainThread]: Command `dbt build` failed at 03:28:18.337886 after 0.49 seconds
[0m03:28:18.338056 [debug] [MainThread]: Sending event: {'category': 'dbt', 'action': 'invocation', 'label': 'end', 'context': [<snowplow_tracker.self_describing_json.SelfDescribingJson object at 0xffff9983f540>, <snowplow_tracker.self_describing_json.SelfDescribingJson object at 0xffff98c3d770>, <snowplow_tracker.self_describing_json.SelfDescribingJson object at 0xffff98c3d3b0>]}
[0m03:28:18.338181 [debug] [MainThread]: Flushing usage events
[0m03:28:19.701281 [debug] [MainThread]: An error was encountered while trying to flush usage events
[0m03:52:13.351795 [debug] [MainThread]: Sending event: {'category': 'dbt', 'action': 'invocation', 'label': 'start', 'context': [<snowplow_tracker.self_describing_json.SelfDescribingJson object at 0xffffb88fdbe0>, <snowplow_tracker.self_describing_json.SelfDescribingJson object at 0xffffb73c3ed0>, <snowplow_tracker.self_describing_json.SelfDescribingJson object at 0xffffb73c39d0>]}


============================== 03:52:13.357413 | 3a1afd95-a002-4cc8-9c12-277e6725a1a1 ==============================
[0m03:52:13.357413 [info ] [MainThread]: Running with dbt=1.12.0
[0m03:52:13.357910 [debug] [MainThread]: running dbt with arguments {'introspect': 'True', 'send_anonymous_usage_stats': 'True', 'write_json': 'True', 'hints_enabled': 'True', 'invocation_command': 'dbt build --select fct_order_revenue --target dev', 'use_colors': 'True', 'use_experimental_parser': 'False', 'warn_error': 'None', 'cache_selected_only': 'False', 'profiles_dir': '/workspace/transformation', 'static_parser': 'True', 'debug': 'False', 'quiet': 'False', 'maximum_seed_size_mib': '1', 'log_path': '/workspace/transformation/logs', 'no_print': 'None', 'log_cache_events': 'False', 'partial_parse': 'True', 'warn_error_options': 'WarnErrorOptionsV2(error=[], warn=[], silence=[])', 'empty': 'False', 'target_path': 'None', 'indirect_selection': 'eager', 'version_check': 'True', 'printer_width': '80', 'log_format': 'default', 'fail_fast': 'False'}
[0m03:52:13.526273 [debug] [MainThread]: Sending event: {'category': 'dbt', 'action': 'project_id', 'label': '3a1afd95-a002-4cc8-9c12-277e6725a1a1', 'context': [<snowplow_tracker.self_describing_json.SelfDescribingJson object at 0xffffb8559480>]}
[0m03:52:13.618774 [debug] [MainThread]: Sending event: {'category': 'dbt', 'action': 'adapter_info', 'label': '3a1afd95-a002-4cc8-9c12-277e6725a1a1', 'context': [<snowplow_tracker.self_describing_json.SelfDescribingJson object at 0xffffb31ed8c0>]}
[0m03:52:13.620001 [info ] [MainThread]: Registered adapter: duckdb=1.10.1
[0m03:52:13.661953 [debug] [MainThread]: checksum: 90a6b225c179091005a773f867edf71059587e0982d46c73fc1b0b58d292cde9, vars: {}, profile: duckdb_local, target: dev, version: 1.12.0
[0m03:52:13.748924 [debug] [MainThread]: Partial parsing enabled: 0 files deleted, 0 files added, 1 files changed.
[0m03:52:13.749401 [debug] [MainThread]: Partial parsing: updated file: duckdb_local://tests/assert_fct_order_revenue_git_sha_no_whitespace.sql
[0m03:52:13.889593 [debug] [MainThread]: Sending event: {'category': 'dbt', 'action': 'load_project', 'label': '3a1afd95-a002-4cc8-9c12-277e6725a1a1', 'context': [<snowplow_tracker.self_describing_json.SelfDescribingJson object at 0xffffb2e48750>]}
[0m03:52:13.949454 [debug] [MainThread]: Wrote artifact WritableManifest to /workspace/transformation/target/manifest.json
[0m03:52:13.951216 [debug] [MainThread]: Wrote artifact SemanticManifest to /workspace/transformation/target/semantic_manifest.json
[0m03:52:13.959474 [debug] [MainThread]: Wrote artifact OsiDocument to /workspace/transformation/target/osi_document.json
[0m03:52:13.978464 [debug] [MainThread]: Sending event: {'category': 'dbt', 'action': 'resource_counts', 'label': '3a1afd95-a002-4cc8-9c12-277e6725a1a1', 'context': [<snowplow_tracker.self_describing_json.SelfDescribingJson object at 0xffffb2a78500>]}
[0m03:52:13.978894 [info ] [MainThread]: Found 2 models, 1 seed, 10 data tests, 603 macros
[0m03:52:13.980215 [info ] [MainThread]: 
[0m03:52:13.980481 [info ] [MainThread]: Concurrency: 1 threads (target='dev')
[0m03:52:13.980695 [info ] [MainThread]: 
[0m03:52:13.981189 [debug] [MainThread]: Acquiring new duckdb connection 'master'
[0m03:52:13.981941 [debug] [ThreadPool]: Acquiring new duckdb connection 'list_duckdb-local'
[0m03:52:14.004955 [debug] [ThreadPool]: Using duckdb connection "list_duckdb-local"
[0m03:52:14.005303 [debug] [ThreadPool]: On list_duckdb-local: /* {"app": "dbt", "dbt_version": "1.12.0", "profile_name": "duckdb_local", "target_name": "dev", "connection_name": "list_duckdb-local"} */

    
    select schema_name
    from system.information_schema.schemata
    
    where lower(catalog_name) = '"duckdb-local"'
    
  
  
[0m03:52:14.005519 [debug] [ThreadPool]: Opening a new connection, currently in state init
[0m03:52:14.017739 [debug] [ThreadPool]: SQL status: OK in 0.012 seconds
[0m03:52:14.018835 [debug] [ThreadPool]: On list_duckdb-local: Close
[0m03:52:14.019406 [debug] [ThreadPool]: Re-using an available connection from the pool (formerly list_duckdb-local, now create_duckdb-local_main_marts)
[0m03:52:14.019748 [debug] [ThreadPool]: Creating schema "database: "duckdb-local"
schema: "main_marts"
"
[0m03:52:14.023845 [debug] [ThreadPool]: Using duckdb connection "create_duckdb-local_main_marts"
[0m03:52:14.024089 [debug] [ThreadPool]: On create_duckdb-local_main_marts: /* {"app": "dbt", "dbt_version": "1.12.0", "profile_name": "duckdb_local", "target_name": "dev", "connection_name": "create_duckdb-local_main_marts"} */

    
        select type from duckdb_databases()
        where lower(database_name)='duckdb-local'
        and type='sqlite'
    
  
[0m03:52:14.024248 [debug] [ThreadPool]: Opening a new connection, currently in state closed
[0m03:52:14.025216 [debug] [ThreadPool]: SQL status: OK in 0.001 seconds
[0m03:52:14.026141 [debug] [ThreadPool]: Using duckdb connection "create_duckdb-local_main_marts"
[0m03:52:14.026321 [debug] [ThreadPool]: On create_duckdb-local_main_marts: BEGIN
[0m03:52:14.026781 [debug] [ThreadPool]: SQL status: OK in 0.000 seconds
[0m03:52:14.027022 [debug] [ThreadPool]: Using duckdb connection "create_duckdb-local_main_marts"
[0m03:52:14.027220 [debug] [ThreadPool]: On create_duckdb-local_main_marts: /* {"app": "dbt", "dbt_version": "1.12.0", "profile_name": "duckdb_local", "target_name": "dev", "connection_name": "create_duckdb-local_main_marts"} */

    
    
        create schema if not exists "duckdb-local"."main_marts"
    
[0m03:52:14.027581 [debug] [ThreadPool]: SQL status: OK in 0.000 seconds
[0m03:52:14.028073 [debug] [ThreadPool]: On create_duckdb-local_main_marts: COMMIT
[0m03:52:14.028249 [debug] [ThreadPool]: Using duckdb connection "create_duckdb-local_main_marts"
[0m03:52:14.028371 [debug] [ThreadPool]: On create_duckdb-local_main_marts: COMMIT
[0m03:52:14.028732 [debug] [ThreadPool]: SQL status: OK in 0.000 seconds
[0m03:52:14.028942 [debug] [ThreadPool]: On create_duckdb-local_main_marts: Close
[0m03:52:14.029956 [debug] [ThreadPool]: Re-using an available connection from the pool (formerly create_duckdb-local_main_marts, now list_duckdb-local_main)
[0m03:52:14.032858 [debug] [ThreadPool]: Using duckdb connection "list_duckdb-local_main"
[0m03:52:14.033149 [debug] [ThreadPool]: On list_duckdb-local_main: BEGIN
[0m03:52:14.033337 [debug] [ThreadPool]: Opening a new connection, currently in state closed
[0m03:52:14.033874 [debug] [ThreadPool]: SQL status: OK in 0.001 seconds
[0m03:52:14.034057 [debug] [ThreadPool]: Using duckdb connection "list_duckdb-local_main"
[0m03:52:14.034162 [debug] [ThreadPool]: On list_duckdb-local_main: /* {"app": "dbt", "dbt_version": "1.12.0", "profile_name": "duckdb_local", "target_name": "dev", "connection_name": "list_duckdb-local_main"} */
select
      'duckdb-local' as database,
      table_name as name,
      table_schema as schema,
      CASE table_type
        WHEN 'BASE TABLE' THEN 'table'
        WHEN 'VIEW' THEN 'view'
        WHEN 'LOCAL TEMPORARY' THEN 'table'
        END as type
    from system.information_schema.tables
    where lower(table_schema) = 'main'
    and lower(table_catalog) = 'duckdb-local'
  
[0m03:52:14.036657 [debug] [ThreadPool]: SQL status: OK in 0.002 seconds
[0m03:52:14.037556 [debug] [ThreadPool]: On list_duckdb-local_main: ROLLBACK
[0m03:52:14.038248 [debug] [ThreadPool]: Failed to rollback 'list_duckdb-local_main'
[0m03:52:14.038423 [debug] [ThreadPool]: On list_duckdb-local_main: Close
[0m03:52:14.038799 [debug] [ThreadPool]: Re-using an available connection from the pool (formerly list_duckdb-local_main, now list_duckdb-local_main_marts)
[0m03:52:14.039538 [debug] [ThreadPool]: Using duckdb connection "list_duckdb-local_main_marts"
[0m03:52:14.039774 [debug] [ThreadPool]: On list_duckdb-local_main_marts: BEGIN
[0m03:52:14.039926 [debug] [ThreadPool]: Opening a new connection, currently in state closed
[0m03:52:14.040407 [debug] [ThreadPool]: SQL status: OK in 0.000 seconds
[0m03:52:14.040564 [debug] [ThreadPool]: Using duckdb connection "list_duckdb-local_main_marts"
[0m03:52:14.040774 [debug] [ThreadPool]: On list_duckdb-local_main_marts: /* {"app": "dbt", "dbt_version": "1.12.0", "profile_name": "duckdb_local", "target_name": "dev", "connection_name": "list_duckdb-local_main_marts"} */
select
      'duckdb-local' as database,
      table_name as name,
      table_schema as schema,
      CASE table_type
        WHEN 'BASE TABLE' THEN 'table'
        WHEN 'VIEW' THEN 'view'
        WHEN 'LOCAL TEMPORARY' THEN 'table'
        END as type
    from system.information_schema.tables
    where lower(table_schema) = 'main_marts'
    and lower(table_catalog) = 'duckdb-local'
  
[0m03:52:14.041985 [debug] [ThreadPool]: SQL status: OK in 0.001 seconds
[0m03:52:14.042743 [debug] [ThreadPool]: On list_duckdb-local_main_marts: ROLLBACK
[0m03:52:14.043115 [debug] [ThreadPool]: Failed to rollback 'list_duckdb-local_main_marts'
[0m03:52:14.043310 [debug] [ThreadPool]: On list_duckdb-local_main_marts: Close
[0m03:52:14.043700 [debug] [ThreadPool]: Re-using an available connection from the pool (formerly list_duckdb-local_main_marts, now list_duckdb-local_main_staging)
[0m03:52:14.044318 [debug] [ThreadPool]: Using duckdb connection "list_duckdb-local_main_staging"
[0m03:52:14.044518 [debug] [ThreadPool]: On list_duckdb-local_main_staging: BEGIN
[0m03:52:14.044700 [debug] [ThreadPool]: Opening a new connection, currently in state closed
[0m03:52:14.045104 [debug] [ThreadPool]: SQL status: OK in 0.000 seconds
[0m03:52:14.045246 [debug] [ThreadPool]: Using duckdb connection "list_duckdb-local_main_staging"
[0m03:52:14.045407 [debug] [ThreadPool]: On list_duckdb-local_main_staging: /* {"app": "dbt", "dbt_version": "1.12.0", "profile_name": "duckdb_local", "target_name": "dev", "connection_name": "list_duckdb-local_main_staging"} */
select
      'duckdb-local' as database,
      table_name as name,
      table_schema as schema,
      CASE table_type
        WHEN 'BASE TABLE' THEN 'table'
        WHEN 'VIEW' THEN 'view'
        WHEN 'LOCAL TEMPORARY' THEN 'table'
        END as type
    from system.information_schema.tables
    where lower(table_schema) = 'main_staging'
    and lower(table_catalog) = 'duckdb-local'
  
[0m03:52:14.047035 [debug] [ThreadPool]: SQL status: OK in 0.001 seconds
[0m03:52:14.048184 [debug] [ThreadPool]: On list_duckdb-local_main_staging: ROLLBACK
[0m03:52:14.048629 [debug] [ThreadPool]: Failed to rollback 'list_duckdb-local_main_staging'
[0m03:52:14.048792 [debug] [ThreadPool]: On list_duckdb-local_main_staging: Close
[0m03:52:14.049431 [debug] [MainThread]: Sending event: {'category': 'dbt', 'action': 'runnable_timing', 'label': '3a1afd95-a002-4cc8-9c12-277e6725a1a1', 'context': [<snowplow_tracker.self_describing_json.SelfDescribingJson object at 0xffffb290ba10>]}
[0m03:52:14.049868 [debug] [MainThread]: Using duckdb connection "master"
[0m03:52:14.050293 [debug] [MainThread]: On master: BEGIN
[0m03:52:14.050531 [debug] [MainThread]: Opening a new connection, currently in state init
[0m03:52:14.051040 [debug] [MainThread]: SQL status: OK in 0.000 seconds
[0m03:52:14.051222 [debug] [MainThread]: On master: COMMIT
[0m03:52:14.051481 [debug] [MainThread]: Using duckdb connection "master"
[0m03:52:14.051657 [debug] [MainThread]: On master: COMMIT
[0m03:52:14.051957 [debug] [MainThread]: SQL status: OK in 0.000 seconds
[0m03:52:14.052106 [debug] [MainThread]: On master: Close
[0m03:52:14.055306 [debug] [Thread-1 (]: Began running node model.duckdb_local.fct_order_revenue
[0m03:52:14.055686 [info ] [Thread-1 (]: 1 of 9 START sql table model main_marts.fct_order_revenue ...................... [RUN]
[0m03:52:14.055998 [debug] [Thread-1 (]: Re-using an available connection from the pool (formerly list_duckdb-local_main_staging, now model.duckdb_local.fct_order_revenue)
[0m03:52:14.056295 [debug] [Thread-1 (]: Began compiling node model.duckdb_local.fct_order_revenue
[0m03:52:14.061150 [debug] [Thread-1 (]: Writing injected SQL for node "model.duckdb_local.fct_order_revenue"
[0m03:52:14.061533 [debug] [Thread-1 (]: Began executing node model.duckdb_local.fct_order_revenue
[0m03:52:14.083624 [debug] [Thread-1 (]: Writing runtime sql for node "model.duckdb_local.fct_order_revenue"
[0m03:52:14.084092 [debug] [Thread-1 (]: Using duckdb connection "model.duckdb_local.fct_order_revenue"
[0m03:52:14.084328 [debug] [Thread-1 (]: On model.duckdb_local.fct_order_revenue: BEGIN
[0m03:52:14.084633 [debug] [Thread-1 (]: Opening a new connection, currently in state closed
[0m03:52:14.085305 [debug] [Thread-1 (]: SQL status: OK in 0.001 seconds
[0m03:52:14.085501 [debug] [Thread-1 (]: Using duckdb connection "model.duckdb_local.fct_order_revenue"
[0m03:52:14.085710 [debug] [Thread-1 (]: On model.duckdb_local.fct_order_revenue: /* {"app": "dbt", "dbt_version": "1.12.0", "profile_name": "duckdb_local", "target_name": "dev", "node_id": "model.duckdb_local.fct_order_revenue"} */

  
    
    

    create  table
      "duckdb-local"."main_marts"."fct_order_revenue__dbt_tmp"
  
    as (
      -- fct_order_revenue: one row per order with total revenue.
-- Aggregates line-item revenue from stg_order_line_items, handling the
-- real-world pattern where line items for the same order arrive as
-- separate events with different timestamps.

WITH

line_items AS (
    SELECT * FROM "duckdb-local"."main_staging"."stg_order_line_items"
),

-- GROUP BY order_id sums revenue across all line items regardless of arrival timing
final AS (
    SELECT
        order_id,
        SUM(revenue) AS total_revenue,
        COUNT(*)     AS line_item_count,
        CURRENT_TIMESTAMP AS _loaded_at,
        '3a1afd95-a002-4cc8-9c12-277e6725a1a1' AS _dbt_invocation_id,
        'local' AS _git_sha
    FROM line_items
    GROUP BY order_id
)

SELECT * FROM final
    );
  
  
[0m03:52:14.087890 [debug] [Thread-1 (]: SQL status: OK in 0.002 seconds
[0m03:52:14.091533 [debug] [Thread-1 (]: Using duckdb connection "model.duckdb_local.fct_order_revenue"
[0m03:52:14.091848 [debug] [Thread-1 (]: On model.duckdb_local.fct_order_revenue: /* {"app": "dbt", "dbt_version": "1.12.0", "profile_name": "duckdb_local", "target_name": "dev", "node_id": "model.duckdb_local.fct_order_revenue"} */

    SELECT index_name
    FROM duckdb_indexes()
    WHERE schema_name = 'main_marts'
      AND table_name = 'fct_order_revenue'
  
[0m03:52:14.092711 [debug] [Thread-1 (]: SQL status: OK in 0.001 seconds
[0m03:52:14.094090 [debug] [Thread-1 (]: Using duckdb connection "model.duckdb_local.fct_order_revenue"
[0m03:52:14.094331 [debug] [Thread-1 (]: On model.duckdb_local.fct_order_revenue: /* {"app": "dbt", "dbt_version": "1.12.0", "profile_name": "duckdb_local", "target_name": "dev", "node_id": "model.duckdb_local.fct_order_revenue"} */

    SELECT COUNT(*) as remaining_indexes
    FROM duckdb_indexes()
    WHERE schema_name = 'main_marts'
      AND table_name = 'fct_order_revenue'
  
[0m03:52:14.094943 [debug] [Thread-1 (]: SQL status: OK in 0.000 seconds
[0m03:52:14.098649 [debug] [Thread-1 (]: Using duckdb connection "model.duckdb_local.fct_order_revenue"
[0m03:52:14.098963 [debug] [Thread-1 (]: On model.duckdb_local.fct_order_revenue: /* {"app": "dbt", "dbt_version": "1.12.0", "profile_name": "duckdb_local", "target_name": "dev", "node_id": "model.duckdb_local.fct_order_revenue"} */
alter table "duckdb-local"."main_marts"."fct_order_revenue" rename to "fct_order_revenue__dbt_backup"
[0m03:52:14.099609 [debug] [Thread-1 (]: SQL status: OK in 0.000 seconds
[0m03:52:14.100822 [debug] [Thread-1 (]: Using duckdb connection "model.duckdb_local.fct_order_revenue"
[0m03:52:14.101045 [debug] [Thread-1 (]: On model.duckdb_local.fct_order_revenue: /* {"app": "dbt", "dbt_version": "1.12.0", "profile_name": "duckdb_local", "target_name": "dev", "node_id": "model.duckdb_local.fct_order_revenue"} */
alter table "duckdb-local"."main_marts"."fct_order_revenue__dbt_tmp" rename to "fct_order_revenue"
[0m03:52:14.101477 [debug] [Thread-1 (]: SQL status: OK in 0.000 seconds
[0m03:52:14.111480 [debug] [Thread-1 (]: On model.duckdb_local.fct_order_revenue: COMMIT
[0m03:52:14.111738 [debug] [Thread-1 (]: Using duckdb connection "model.duckdb_local.fct_order_revenue"
[0m03:52:14.111911 [debug] [Thread-1 (]: On model.duckdb_local.fct_order_revenue: COMMIT
[0m03:52:14.113195 [debug] [Thread-1 (]: SQL status: OK in 0.001 seconds
[0m03:52:14.116055 [debug] [Thread-1 (]: Using duckdb connection "model.duckdb_local.fct_order_revenue"
[0m03:52:14.116332 [debug] [Thread-1 (]: On model.duckdb_local.fct_order_revenue: /* {"app": "dbt", "dbt_version": "1.12.0", "profile_name": "duckdb_local", "target_name": "dev", "node_id": "model.duckdb_local.fct_order_revenue"} */

      drop table if exists "duckdb-local"."main_marts"."fct_order_revenue__dbt_backup" cascade
    
[0m03:52:14.117172 [debug] [Thread-1 (]: SQL status: OK in 0.001 seconds
[0m03:52:14.118770 [debug] [Thread-1 (]: On model.duckdb_local.fct_order_revenue: Close
[0m03:52:14.119780 [debug] [Thread-1 (]: Sending event: {'category': 'dbt', 'action': 'run_model', 'label': '3a1afd95-a002-4cc8-9c12-277e6725a1a1', 'context': [<snowplow_tracker.self_describing_json.SelfDescribingJson object at 0xffffb1a13ba0>]}
[0m03:52:14.120154 [info ] [Thread-1 (]: 1 of 9 OK created sql table model main_marts.fct_order_revenue ................. [[32mOK[0m in 0.06s]
[0m03:52:14.120535 [debug] [Thread-1 (]: Finished running node model.duckdb_local.fct_order_revenue
[0m03:52:14.121396 [debug] [Thread-1 (]: Began running node test.duckdb_local.assert_fct_order_revenue_git_sha_no_whitespace
[0m03:52:14.121649 [info ] [Thread-1 (]: 2 of 9 START test assert_fct_order_revenue_git_sha_no_whitespace ............... [RUN]
[0m03:52:14.122007 [debug] [Thread-1 (]: Re-using an available connection from the pool (formerly model.duckdb_local.fct_order_revenue, now test.duckdb_local.assert_fct_order_revenue_git_sha_no_whitespace)
[0m03:52:14.122228 [debug] [Thread-1 (]: Began compiling node test.duckdb_local.assert_fct_order_revenue_git_sha_no_whitespace
[0m03:52:14.123403 [debug] [Thread-1 (]: Writing injected SQL for node "test.duckdb_local.assert_fct_order_revenue_git_sha_no_whitespace"
[0m03:52:14.123667 [debug] [Thread-1 (]: Began executing node test.duckdb_local.assert_fct_order_revenue_git_sha_no_whitespace
[0m03:52:14.134045 [debug] [Thread-1 (]: Writing runtime sql for node "test.duckdb_local.assert_fct_order_revenue_git_sha_no_whitespace"
[0m03:52:14.134411 [debug] [Thread-1 (]: Using duckdb connection "test.duckdb_local.assert_fct_order_revenue_git_sha_no_whitespace"
[0m03:52:14.134538 [debug] [Thread-1 (]: On test.duckdb_local.assert_fct_order_revenue_git_sha_no_whitespace: BEGIN
[0m03:52:14.134643 [debug] [Thread-1 (]: Opening a new connection, currently in state closed
[0m03:52:14.135014 [debug] [Thread-1 (]: SQL status: OK in 0.000 seconds
[0m03:52:14.135194 [debug] [Thread-1 (]: Using duckdb connection "test.duckdb_local.assert_fct_order_revenue_git_sha_no_whitespace"
[0m03:52:14.135331 [debug] [Thread-1 (]: On test.duckdb_local.assert_fct_order_revenue_git_sha_no_whitespace: /* {"app": "dbt", "dbt_version": "1.12.0", "profile_name": "duckdb_local", "target_name": "dev", "node_id": "test.duckdb_local.assert_fct_order_revenue_git_sha_no_whitespace"} */

    
    select
      count(*) as failures,
      count(*) != 0 as should_warn,
      count(*) != 0 as should_error
    from (
      
    
  -- Verify _git_sha contains no whitespace characters.
-- A corrupted value like '\n  local\n' would fail this test while
-- passing plain not_null and non-empty checks.

SELECT *
FROM "duckdb-local"."main_marts"."fct_order_revenue"
WHERE regexp_matches(_git_sha, '\s')
  
  
      
    ) dbt_internal_test
[0m03:52:14.136130 [debug] [Thread-1 (]: SQL status: OK in 0.001 seconds
[0m03:52:14.137774 [debug] [Thread-1 (]: On test.duckdb_local.assert_fct_order_revenue_git_sha_no_whitespace: ROLLBACK
[0m03:52:14.138031 [debug] [Thread-1 (]: Failed to rollback 'test.duckdb_local.assert_fct_order_revenue_git_sha_no_whitespace'
[0m03:52:14.138145 [debug] [Thread-1 (]: On test.duckdb_local.assert_fct_order_revenue_git_sha_no_whitespace: Close
[0m03:52:14.138381 [info ] [Thread-1 (]: 2 of 9 PASS assert_fct_order_revenue_git_sha_no_whitespace ..................... [[32mPASS[0m in 0.02s]
[0m03:52:14.138582 [debug] [Thread-1 (]: Finished running node test.duckdb_local.assert_fct_order_revenue_git_sha_no_whitespace
[0m03:52:14.138716 [debug] [Thread-1 (]: Began running node test.duckdb_local.not_null_fct_order_revenue__dbt_invocation_id.8cda916a95
[0m03:52:14.138833 [info ] [Thread-1 (]: 3 of 9 START test not_null_fct_order_revenue__dbt_invocation_id ................ [RUN]
[0m03:52:14.139084 [debug] [Thread-1 (]: Re-using an available connection from the pool (formerly test.duckdb_local.assert_fct_order_revenue_git_sha_no_whitespace, now test.duckdb_local.not_null_fct_order_revenue__dbt_invocation_id.8cda916a95)
[0m03:52:14.139336 [debug] [Thread-1 (]: Began compiling node test.duckdb_local.not_null_fct_order_revenue__dbt_invocation_id.8cda916a95
[0m03:52:14.146706 [debug] [Thread-1 (]: Writing injected SQL for node "test.duckdb_local.not_null_fct_order_revenue__dbt_invocation_id.8cda916a95"
[0m03:52:14.147299 [debug] [Thread-1 (]: Began executing node test.duckdb_local.not_null_fct_order_revenue__dbt_invocation_id.8cda916a95
[0m03:52:14.148480 [debug] [Thread-1 (]: Writing runtime sql for node "test.duckdb_local.not_null_fct_order_revenue__dbt_invocation_id.8cda916a95"
[0m03:52:14.148869 [debug] [Thread-1 (]: Using duckdb connection "test.duckdb_local.not_null_fct_order_revenue__dbt_invocation_id.8cda916a95"
[0m03:52:14.149101 [debug] [Thread-1 (]: On test.duckdb_local.not_null_fct_order_revenue__dbt_invocation_id.8cda916a95: BEGIN
[0m03:52:14.149310 [debug] [Thread-1 (]: Opening a new connection, currently in state closed
[0m03:52:14.149931 [debug] [Thread-1 (]: SQL status: OK in 0.001 seconds
[0m03:52:14.150140 [debug] [Thread-1 (]: Using duckdb connection "test.duckdb_local.not_null_fct_order_revenue__dbt_invocation_id.8cda916a95"
[0m03:52:14.150396 [debug] [Thread-1 (]: On test.duckdb_local.not_null_fct_order_revenue__dbt_invocation_id.8cda916a95: /* {"app": "dbt", "dbt_version": "1.12.0", "profile_name": "duckdb_local", "target_name": "dev", "node_id": "test.duckdb_local.not_null_fct_order_revenue__dbt_invocation_id.8cda916a95"} */

    
    select
      count(*) as failures,
      count(*) != 0 as should_warn,
      count(*) != 0 as should_error
    from (
      
    
  
    
    



select _dbt_invocation_id
from "duckdb-local"."main_marts"."fct_order_revenue"
where _dbt_invocation_id is null



  
  
      
    ) dbt_internal_test
[0m03:52:14.151080 [debug] [Thread-1 (]: SQL status: OK in 0.000 seconds
[0m03:52:14.152044 [debug] [Thread-1 (]: On test.duckdb_local.not_null_fct_order_revenue__dbt_invocation_id.8cda916a95: ROLLBACK
[0m03:52:14.152440 [debug] [Thread-1 (]: Failed to rollback 'test.duckdb_local.not_null_fct_order_revenue__dbt_invocation_id.8cda916a95'
[0m03:52:14.152612 [debug] [Thread-1 (]: On test.duckdb_local.not_null_fct_order_revenue__dbt_invocation_id.8cda916a95: Close
[0m03:52:14.153044 [info ] [Thread-1 (]: 3 of 9 PASS not_null_fct_order_revenue__dbt_invocation_id ...................... [[32mPASS[0m in 0.01s]
[0m03:52:14.153345 [debug] [Thread-1 (]: Finished running node test.duckdb_local.not_null_fct_order_revenue__dbt_invocation_id.8cda916a95
[0m03:52:14.153576 [debug] [Thread-1 (]: Began running node test.duckdb_local.not_null_fct_order_revenue__git_sha.644d0603b5
[0m03:52:14.153783 [info ] [Thread-1 (]: 4 of 9 START test not_null_fct_order_revenue__git_sha .......................... [RUN]
[0m03:52:14.154098 [debug] [Thread-1 (]: Re-using an available connection from the pool (formerly test.duckdb_local.not_null_fct_order_revenue__dbt_invocation_id.8cda916a95, now test.duckdb_local.not_null_fct_order_revenue__git_sha.644d0603b5)
[0m03:52:14.154327 [debug] [Thread-1 (]: Began compiling node test.duckdb_local.not_null_fct_order_revenue__git_sha.644d0603b5
[0m03:52:14.158036 [debug] [Thread-1 (]: Writing injected SQL for node "test.duckdb_local.not_null_fct_order_revenue__git_sha.644d0603b5"
[0m03:52:14.158510 [debug] [Thread-1 (]: Began executing node test.duckdb_local.not_null_fct_order_revenue__git_sha.644d0603b5
[0m03:52:14.159504 [debug] [Thread-1 (]: Writing runtime sql for node "test.duckdb_local.not_null_fct_order_revenue__git_sha.644d0603b5"
[0m03:52:14.159882 [debug] [Thread-1 (]: Using duckdb connection "test.duckdb_local.not_null_fct_order_revenue__git_sha.644d0603b5"
[0m03:52:14.160106 [debug] [Thread-1 (]: On test.duckdb_local.not_null_fct_order_revenue__git_sha.644d0603b5: BEGIN
[0m03:52:14.160288 [debug] [Thread-1 (]: Opening a new connection, currently in state closed
[0m03:52:14.161559 [debug] [Thread-1 (]: SQL status: OK in 0.001 seconds
[0m03:52:14.161758 [debug] [Thread-1 (]: Using duckdb connection "test.duckdb_local.not_null_fct_order_revenue__git_sha.644d0603b5"
[0m03:52:14.161983 [debug] [Thread-1 (]: On test.duckdb_local.not_null_fct_order_revenue__git_sha.644d0603b5: /* {"app": "dbt", "dbt_version": "1.12.0", "profile_name": "duckdb_local", "target_name": "dev", "node_id": "test.duckdb_local.not_null_fct_order_revenue__git_sha.644d0603b5"} */

    
    select
      count(*) as failures,
      count(*) != 0 as should_warn,
      count(*) != 0 as should_error
    from (
      
    
  
    
    



select _git_sha
from "duckdb-local"."main_marts"."fct_order_revenue"
where _git_sha is null



  
  
      
    ) dbt_internal_test
[0m03:52:14.162599 [debug] [Thread-1 (]: SQL status: OK in 0.000 seconds
[0m03:52:14.163461 [debug] [Thread-1 (]: On test.duckdb_local.not_null_fct_order_revenue__git_sha.644d0603b5: ROLLBACK
[0m03:52:14.163788 [debug] [Thread-1 (]: Failed to rollback 'test.duckdb_local.not_null_fct_order_revenue__git_sha.644d0603b5'
[0m03:52:14.164091 [debug] [Thread-1 (]: On test.duckdb_local.not_null_fct_order_revenue__git_sha.644d0603b5: Close
[0m03:52:14.164440 [info ] [Thread-1 (]: 4 of 9 PASS not_null_fct_order_revenue__git_sha ................................ [[32mPASS[0m in 0.01s]
[0m03:52:14.164785 [debug] [Thread-1 (]: Finished running node test.duckdb_local.not_null_fct_order_revenue__git_sha.644d0603b5
[0m03:52:14.165059 [debug] [Thread-1 (]: Began running node test.duckdb_local.not_null_fct_order_revenue__loaded_at.26c3dd068a
[0m03:52:14.165275 [info ] [Thread-1 (]: 5 of 9 START test not_null_fct_order_revenue__loaded_at ........................ [RUN]
[0m03:52:14.165674 [debug] [Thread-1 (]: Re-using an available connection from the pool (formerly test.duckdb_local.not_null_fct_order_revenue__git_sha.644d0603b5, now test.duckdb_local.not_null_fct_order_revenue__loaded_at.26c3dd068a)
[0m03:52:14.165867 [debug] [Thread-1 (]: Began compiling node test.duckdb_local.not_null_fct_order_revenue__loaded_at.26c3dd068a
[0m03:52:14.169312 [debug] [Thread-1 (]: Writing injected SQL for node "test.duckdb_local.not_null_fct_order_revenue__loaded_at.26c3dd068a"
[0m03:52:14.169731 [debug] [Thread-1 (]: Began executing node test.duckdb_local.not_null_fct_order_revenue__loaded_at.26c3dd068a
[0m03:52:14.170642 [debug] [Thread-1 (]: Writing runtime sql for node "test.duckdb_local.not_null_fct_order_revenue__loaded_at.26c3dd068a"
[0m03:52:14.170990 [debug] [Thread-1 (]: Using duckdb connection "test.duckdb_local.not_null_fct_order_revenue__loaded_at.26c3dd068a"
[0m03:52:14.171191 [debug] [Thread-1 (]: On test.duckdb_local.not_null_fct_order_revenue__loaded_at.26c3dd068a: BEGIN
[0m03:52:14.171407 [debug] [Thread-1 (]: Opening a new connection, currently in state closed
[0m03:52:14.171864 [debug] [Thread-1 (]: SQL status: OK in 0.000 seconds
[0m03:52:14.172065 [debug] [Thread-1 (]: Using duckdb connection "test.duckdb_local.not_null_fct_order_revenue__loaded_at.26c3dd068a"
[0m03:52:14.172308 [debug] [Thread-1 (]: On test.duckdb_local.not_null_fct_order_revenue__loaded_at.26c3dd068a: /* {"app": "dbt", "dbt_version": "1.12.0", "profile_name": "duckdb_local", "target_name": "dev", "node_id": "test.duckdb_local.not_null_fct_order_revenue__loaded_at.26c3dd068a"} */

    
    select
      count(*) as failures,
      count(*) != 0 as should_warn,
      count(*) != 0 as should_error
    from (
      
    
  
    
    



select _loaded_at
from "duckdb-local"."main_marts"."fct_order_revenue"
where _loaded_at is null



  
  
      
    ) dbt_internal_test
[0m03:52:14.173026 [debug] [Thread-1 (]: SQL status: OK in 0.000 seconds
[0m03:52:14.173988 [debug] [Thread-1 (]: On test.duckdb_local.not_null_fct_order_revenue__loaded_at.26c3dd068a: ROLLBACK
[0m03:52:14.174347 [debug] [Thread-1 (]: Failed to rollback 'test.duckdb_local.not_null_fct_order_revenue__loaded_at.26c3dd068a'
[0m03:52:14.174530 [debug] [Thread-1 (]: On test.duckdb_local.not_null_fct_order_revenue__loaded_at.26c3dd068a: Close
[0m03:52:14.174841 [info ] [Thread-1 (]: 5 of 9 PASS not_null_fct_order_revenue__loaded_at .............................. [[32mPASS[0m in 0.01s]
[0m03:52:14.175209 [debug] [Thread-1 (]: Finished running node test.duckdb_local.not_null_fct_order_revenue__loaded_at.26c3dd068a
[0m03:52:14.175488 [debug] [Thread-1 (]: Began running node test.duckdb_local.not_null_fct_order_revenue_line_item_count.9736dca1c8
[0m03:52:14.175708 [info ] [Thread-1 (]: 6 of 9 START test not_null_fct_order_revenue_line_item_count ................... [RUN]
[0m03:52:14.176058 [debug] [Thread-1 (]: Re-using an available connection from the pool (formerly test.duckdb_local.not_null_fct_order_revenue__loaded_at.26c3dd068a, now test.duckdb_local.not_null_fct_order_revenue_line_item_count.9736dca1c8)
[0m03:52:14.176318 [debug] [Thread-1 (]: Began compiling node test.duckdb_local.not_null_fct_order_revenue_line_item_count.9736dca1c8
[0m03:52:14.180229 [debug] [Thread-1 (]: Writing injected SQL for node "test.duckdb_local.not_null_fct_order_revenue_line_item_count.9736dca1c8"
[0m03:52:14.180618 [debug] [Thread-1 (]: Began executing node test.duckdb_local.not_null_fct_order_revenue_line_item_count.9736dca1c8
[0m03:52:14.181735 [debug] [Thread-1 (]: Writing runtime sql for node "test.duckdb_local.not_null_fct_order_revenue_line_item_count.9736dca1c8"
[0m03:52:14.182135 [debug] [Thread-1 (]: Using duckdb connection "test.duckdb_local.not_null_fct_order_revenue_line_item_count.9736dca1c8"
[0m03:52:14.182338 [debug] [Thread-1 (]: On test.duckdb_local.not_null_fct_order_revenue_line_item_count.9736dca1c8: BEGIN
[0m03:52:14.182511 [debug] [Thread-1 (]: Opening a new connection, currently in state closed
[0m03:52:14.182996 [debug] [Thread-1 (]: SQL status: OK in 0.000 seconds
[0m03:52:14.183232 [debug] [Thread-1 (]: Using duckdb connection "test.duckdb_local.not_null_fct_order_revenue_line_item_count.9736dca1c8"
[0m03:52:14.183481 [debug] [Thread-1 (]: On test.duckdb_local.not_null_fct_order_revenue_line_item_count.9736dca1c8: /* {"app": "dbt", "dbt_version": "1.12.0", "profile_name": "duckdb_local", "target_name": "dev", "node_id": "test.duckdb_local.not_null_fct_order_revenue_line_item_count.9736dca1c8"} */

    
    select
      count(*) as failures,
      count(*) != 0 as should_warn,
      count(*) != 0 as should_error
    from (
      
    
  
    
    



select line_item_count
from "duckdb-local"."main_marts"."fct_order_revenue"
where line_item_count is null



  
  
      
    ) dbt_internal_test
[0m03:52:14.184152 [debug] [Thread-1 (]: SQL status: OK in 0.000 seconds
[0m03:52:14.185073 [debug] [Thread-1 (]: On test.duckdb_local.not_null_fct_order_revenue_line_item_count.9736dca1c8: ROLLBACK
[0m03:52:14.185474 [debug] [Thread-1 (]: Failed to rollback 'test.duckdb_local.not_null_fct_order_revenue_line_item_count.9736dca1c8'
[0m03:52:14.185686 [debug] [Thread-1 (]: On test.duckdb_local.not_null_fct_order_revenue_line_item_count.9736dca1c8: Close
[0m03:52:14.186082 [info ] [Thread-1 (]: 6 of 9 PASS not_null_fct_order_revenue_line_item_count ......................... [[32mPASS[0m in 0.01s]
[0m03:52:14.186382 [debug] [Thread-1 (]: Finished running node test.duckdb_local.not_null_fct_order_revenue_line_item_count.9736dca1c8
[0m03:52:14.186587 [debug] [Thread-1 (]: Began running node test.duckdb_local.not_null_fct_order_revenue_order_id.c968a86ebb
[0m03:52:14.186805 [info ] [Thread-1 (]: 7 of 9 START test not_null_fct_order_revenue_order_id .......................... [RUN]
[0m03:52:14.187160 [debug] [Thread-1 (]: Re-using an available connection from the pool (formerly test.duckdb_local.not_null_fct_order_revenue_line_item_count.9736dca1c8, now test.duckdb_local.not_null_fct_order_revenue_order_id.c968a86ebb)
[0m03:52:14.187360 [debug] [Thread-1 (]: Began compiling node test.duckdb_local.not_null_fct_order_revenue_order_id.c968a86ebb
[0m03:52:14.190866 [debug] [Thread-1 (]: Writing injected SQL for node "test.duckdb_local.not_null_fct_order_revenue_order_id.c968a86ebb"
[0m03:52:14.191222 [debug] [Thread-1 (]: Began executing node test.duckdb_local.not_null_fct_order_revenue_order_id.c968a86ebb
[0m03:52:14.192124 [debug] [Thread-1 (]: Writing runtime sql for node "test.duckdb_local.not_null_fct_order_revenue_order_id.c968a86ebb"
[0m03:52:14.192488 [debug] [Thread-1 (]: Using duckdb connection "test.duckdb_local.not_null_fct_order_revenue_order_id.c968a86ebb"
[0m03:52:14.192652 [debug] [Thread-1 (]: On test.duckdb_local.not_null_fct_order_revenue_order_id.c968a86ebb: BEGIN
[0m03:52:14.192868 [debug] [Thread-1 (]: Opening a new connection, currently in state closed
[0m03:52:14.193370 [debug] [Thread-1 (]: SQL status: OK in 0.001 seconds
[0m03:52:14.193584 [debug] [Thread-1 (]: Using duckdb connection "test.duckdb_local.not_null_fct_order_revenue_order_id.c968a86ebb"
[0m03:52:14.193813 [debug] [Thread-1 (]: On test.duckdb_local.not_null_fct_order_revenue_order_id.c968a86ebb: /* {"app": "dbt", "dbt_version": "1.12.0", "profile_name": "duckdb_local", "target_name": "dev", "node_id": "test.duckdb_local.not_null_fct_order_revenue_order_id.c968a86ebb"} */

    
    select
      count(*) as failures,
      count(*) != 0 as should_warn,
      count(*) != 0 as should_error
    from (
      
    
  
    
    



select order_id
from "duckdb-local"."main_marts"."fct_order_revenue"
where order_id is null



  
  
      
    ) dbt_internal_test
[0m03:52:14.194550 [debug] [Thread-1 (]: SQL status: OK in 0.000 seconds
[0m03:52:14.195449 [debug] [Thread-1 (]: On test.duckdb_local.not_null_fct_order_revenue_order_id.c968a86ebb: ROLLBACK
[0m03:52:14.195821 [debug] [Thread-1 (]: Failed to rollback 'test.duckdb_local.not_null_fct_order_revenue_order_id.c968a86ebb'
[0m03:52:14.196009 [debug] [Thread-1 (]: On test.duckdb_local.not_null_fct_order_revenue_order_id.c968a86ebb: Close
[0m03:52:14.196380 [info ] [Thread-1 (]: 7 of 9 PASS not_null_fct_order_revenue_order_id ................................ [[32mPASS[0m in 0.01s]
[0m03:52:14.196781 [debug] [Thread-1 (]: Finished running node test.duckdb_local.not_null_fct_order_revenue_order_id.c968a86ebb
[0m03:52:14.197003 [debug] [Thread-1 (]: Began running node test.duckdb_local.not_null_fct_order_revenue_total_revenue.7a3a0f8ee4
[0m03:52:14.197213 [info ] [Thread-1 (]: 8 of 9 START test not_null_fct_order_revenue_total_revenue ..................... [RUN]
[0m03:52:14.197499 [debug] [Thread-1 (]: Re-using an available connection from the pool (formerly test.duckdb_local.not_null_fct_order_revenue_order_id.c968a86ebb, now test.duckdb_local.not_null_fct_order_revenue_total_revenue.7a3a0f8ee4)
[0m03:52:14.197783 [debug] [Thread-1 (]: Began compiling node test.duckdb_local.not_null_fct_order_revenue_total_revenue.7a3a0f8ee4
[0m03:52:14.202066 [debug] [Thread-1 (]: Writing injected SQL for node "test.duckdb_local.not_null_fct_order_revenue_total_revenue.7a3a0f8ee4"
[0m03:52:14.202471 [debug] [Thread-1 (]: Began executing node test.duckdb_local.not_null_fct_order_revenue_total_revenue.7a3a0f8ee4
[0m03:52:14.203271 [debug] [Thread-1 (]: Writing runtime sql for node "test.duckdb_local.not_null_fct_order_revenue_total_revenue.7a3a0f8ee4"
[0m03:52:14.203585 [debug] [Thread-1 (]: Using duckdb connection "test.duckdb_local.not_null_fct_order_revenue_total_revenue.7a3a0f8ee4"
[0m03:52:14.203852 [debug] [Thread-1 (]: On test.duckdb_local.not_null_fct_order_revenue_total_revenue.7a3a0f8ee4: BEGIN
[0m03:52:14.204004 [debug] [Thread-1 (]: Opening a new connection, currently in state closed
[0m03:52:14.204566 [debug] [Thread-1 (]: SQL status: OK in 0.001 seconds
[0m03:52:14.204747 [debug] [Thread-1 (]: Using duckdb connection "test.duckdb_local.not_null_fct_order_revenue_total_revenue.7a3a0f8ee4"
[0m03:52:14.205036 [debug] [Thread-1 (]: On test.duckdb_local.not_null_fct_order_revenue_total_revenue.7a3a0f8ee4: /* {"app": "dbt", "dbt_version": "1.12.0", "profile_name": "duckdb_local", "target_name": "dev", "node_id": "test.duckdb_local.not_null_fct_order_revenue_total_revenue.7a3a0f8ee4"} */

    
    select
      count(*) as failures,
      count(*) != 0 as should_warn,
      count(*) != 0 as should_error
    from (
      
    
  
    
    



select total_revenue
from "duckdb-local"."main_marts"."fct_order_revenue"
where total_revenue is null



  
  
      
    ) dbt_internal_test
[0m03:52:14.205686 [debug] [Thread-1 (]: SQL status: OK in 0.000 seconds
[0m03:52:14.206406 [debug] [Thread-1 (]: On test.duckdb_local.not_null_fct_order_revenue_total_revenue.7a3a0f8ee4: ROLLBACK
[0m03:52:14.207003 [debug] [Thread-1 (]: Failed to rollback 'test.duckdb_local.not_null_fct_order_revenue_total_revenue.7a3a0f8ee4'
[0m03:52:14.207226 [debug] [Thread-1 (]: On test.duckdb_local.not_null_fct_order_revenue_total_revenue.7a3a0f8ee4: Close
[0m03:52:14.207608 [info ] [Thread-1 (]: 8 of 9 PASS not_null_fct_order_revenue_total_revenue ........................... [[32mPASS[0m in 0.01s]
[0m03:52:14.207885 [debug] [Thread-1 (]: Finished running node test.duckdb_local.not_null_fct_order_revenue_total_revenue.7a3a0f8ee4
[0m03:52:14.208192 [debug] [Thread-1 (]: Began running node test.duckdb_local.unique_fct_order_revenue_order_id.fc2c4ae7e0
[0m03:52:14.208413 [info ] [Thread-1 (]: 9 of 9 START test unique_fct_order_revenue_order_id ............................ [RUN]
[0m03:52:14.208726 [debug] [Thread-1 (]: Re-using an available connection from the pool (formerly test.duckdb_local.not_null_fct_order_revenue_total_revenue.7a3a0f8ee4, now test.duckdb_local.unique_fct_order_revenue_order_id.fc2c4ae7e0)
[0m03:52:14.208895 [debug] [Thread-1 (]: Began compiling node test.duckdb_local.unique_fct_order_revenue_order_id.fc2c4ae7e0
[0m03:52:14.213729 [debug] [Thread-1 (]: Writing injected SQL for node "test.duckdb_local.unique_fct_order_revenue_order_id.fc2c4ae7e0"
[0m03:52:14.214005 [debug] [Thread-1 (]: Began executing node test.duckdb_local.unique_fct_order_revenue_order_id.fc2c4ae7e0
[0m03:52:14.214716 [debug] [Thread-1 (]: Writing runtime sql for node "test.duckdb_local.unique_fct_order_revenue_order_id.fc2c4ae7e0"
[0m03:52:14.215093 [debug] [Thread-1 (]: Using duckdb connection "test.duckdb_local.unique_fct_order_revenue_order_id.fc2c4ae7e0"
[0m03:52:14.215213 [debug] [Thread-1 (]: On test.duckdb_local.unique_fct_order_revenue_order_id.fc2c4ae7e0: BEGIN
[0m03:52:14.215371 [debug] [Thread-1 (]: Opening a new connection, currently in state closed
[0m03:52:14.215716 [debug] [Thread-1 (]: SQL status: OK in 0.000 seconds
[0m03:52:14.215830 [debug] [Thread-1 (]: Using duckdb connection "test.duckdb_local.unique_fct_order_revenue_order_id.fc2c4ae7e0"
[0m03:52:14.215947 [debug] [Thread-1 (]: On test.duckdb_local.unique_fct_order_revenue_order_id.fc2c4ae7e0: /* {"app": "dbt", "dbt_version": "1.12.0", "profile_name": "duckdb_local", "target_name": "dev", "node_id": "test.duckdb_local.unique_fct_order_revenue_order_id.fc2c4ae7e0"} */

    
    select
      count(*) as failures,
      count(*) != 0 as should_warn,
      count(*) != 0 as should_error
    from (
      
    
  
    
    

select
    order_id as unique_field,
    count(*) as n_records

from "duckdb-local"."main_marts"."fct_order_revenue"
where order_id is not null
group by order_id
having count(*) > 1



  
  
      
    ) dbt_internal_test
[0m03:52:14.216872 [debug] [Thread-1 (]: SQL status: OK in 0.001 seconds
[0m03:52:14.217716 [debug] [Thread-1 (]: On test.duckdb_local.unique_fct_order_revenue_order_id.fc2c4ae7e0: ROLLBACK
[0m03:52:14.218069 [debug] [Thread-1 (]: Failed to rollback 'test.duckdb_local.unique_fct_order_revenue_order_id.fc2c4ae7e0'
[0m03:52:14.218286 [debug] [Thread-1 (]: On test.duckdb_local.unique_fct_order_revenue_order_id.fc2c4ae7e0: Close
[0m03:52:14.218630 [info ] [Thread-1 (]: 9 of 9 PASS unique_fct_order_revenue_order_id .................................. [[32mPASS[0m in 0.01s]
[0m03:52:14.218973 [debug] [Thread-1 (]: Finished running node test.duckdb_local.unique_fct_order_revenue_order_id.fc2c4ae7e0
[0m03:52:14.219998 [debug] [MainThread]: Using duckdb connection "master"
[0m03:52:14.220187 [debug] [MainThread]: On master: BEGIN
[0m03:52:14.220411 [debug] [MainThread]: Opening a new connection, currently in state closed
[0m03:52:14.220815 [debug] [MainThread]: SQL status: OK in 0.000 seconds
[0m03:52:14.221010 [debug] [MainThread]: On master: COMMIT
[0m03:52:14.221177 [debug] [MainThread]: Using duckdb connection "master"
[0m03:52:14.221339 [debug] [MainThread]: On master: COMMIT
[0m03:52:14.221635 [debug] [MainThread]: SQL status: OK in 0.000 seconds
[0m03:52:14.221809 [debug] [MainThread]: On master: Close
[0m03:52:14.221995 [debug] [MainThread]: Connection 'master' was properly closed.
[0m03:52:14.222160 [debug] [MainThread]: Connection 'test.duckdb_local.unique_fct_order_revenue_order_id.fc2c4ae7e0' was properly closed.
[0m03:52:14.222358 [info ] [MainThread]: 
[0m03:52:14.222850 [info ] [MainThread]: Finished running 1 table model, 8 data tests in 0 hours 0 minutes and 0.24 seconds (0.24s).
[0m03:52:14.223707 [debug] [MainThread]: Command end result
[0m03:52:14.256678 [debug] [MainThread]: Wrote artifact WritableManifest to /workspace/transformation/target/manifest.json
[0m03:52:14.258517 [debug] [MainThread]: Wrote artifact SemanticManifest to /workspace/transformation/target/semantic_manifest.json
[0m03:52:14.260077 [debug] [MainThread]: Wrote artifact OsiDocument to /workspace/transformation/target/osi_document.json
[0m03:52:14.266548 [debug] [MainThread]: Wrote artifact RunExecutionResult to /workspace/transformation/target/run_results.json
[0m03:52:14.267239 [info ] [MainThread]: 
[0m03:52:14.267638 [info ] [MainThread]: [32mCompleted successfully[0m
[0m03:52:14.267935 [info ] [MainThread]: 
[0m03:52:14.268242 [info ] [MainThread]: Done. PASS=9 WARN=0 ERROR=0 SKIP=0 NO-OP=0 REUSED=0 TOTAL=9
[0m03:52:14.268908 [debug] [MainThread]: Resource report: {"command_name": "build", "command_success": true, "command_wall_clock_time": 0.9705771, "process_in_blocks": "256", "process_kernel_time": 0.209262, "process_mem_max_rss": "185584", "process_out_blocks": "4778", "process_user_time": 2.036013}
[0m03:52:14.269255 [debug] [MainThread]: Command `dbt build` succeeded at 03:52:14.269213 after 0.97 seconds
[0m03:52:14.269519 [debug] [MainThread]: Sending event: {'category': 'dbt', 'action': 'invocation', 'label': 'end', 'context': [<snowplow_tracker.self_describing_json.SelfDescribingJson object at 0xffffb742aed0>, <snowplow_tracker.self_describing_json.SelfDescribingJson object at 0xffffb2a56c50>, <snowplow_tracker.self_describing_json.SelfDescribingJson object at 0xffffb2a57ac0>]}
[0m03:52:14.269749 [debug] [MainThread]: Flushing usage events
[0m03:52:15.615216 [debug] [MainThread]: An error was encountered while trying to flush usage events
